"temperature_f","proba_pres_mean","proba_pres_sd","proba_pres_q2.5","proba_pres_median","proba_pres_q97.5","AVG_TEMP_C"
"4.46",0.998013207191872,0.00321109634271596,0.990041649503009,0.999186719777837,0.999958289045574,4.46
"4.47",0.995277397772855,0.00537329449838653,0.982732638432435,0.99681427273568,0.999764134685739,4.47
"4.48",0.99988291971379,0.000302434347808736,0.999074481089344,0.999993836451418,0.999999979965163,4.48
"4.49",0.997899042779093,0.00247971338684071,0.991482298111868,0.998629649631831,0.999886982749417,4.49
"4.5",0.999956680195399,0.0000664293394830289,0.999760832378367,0.999978708756834,0.999998353895571,4.5
"4.51",0.997726134300448,0.00411117251763461,0.987130941098594,0.999759357542013,0.999995878085758,4.51
"4.52",0.986456670647999,0.0165918614517714,0.940236349574532,0.993456902222307,0.999391790916172,4.52
"4.53",0.999841227168294,0.000312609671384564,0.998993199818123,0.999951330474827,0.999999288687138,4.53
"4.54",0.977212107740425,0.0173556431292579,0.933794368245602,0.981018377964923,0.996797606454032,4.54
"4.55",0.996101067529827,0.0051742454455949,0.982177573772386,0.998021923298858,0.999908353357275,4.55
"4.56",0.992255200993537,0.0146492921137412,0.949624828953169,0.999868385063639,0.999999999853629,4.56
"4.57",0.98325747732728,0.0126094484579643,0.952117950332222,0.985733367445414,0.997388580942642,4.57
"4.58",0.989771036827834,0.00953516963593001,0.967618712400606,0.992203636157458,0.999141230639073,4.58
"4.59",0.99117256905013,0.0179962154823729,0.937537434444745,0.999174050344066,0.999964645790917,4.59
"4.6",0.990424665318805,0.00876478677794259,0.969862921731304,0.992636375378069,0.999132911214682,4.6
"4.61",0.997985430230513,0.00301509083473995,0.989821707384336,0.998957085598485,0.999998987259008,4.61
"4.62",0.995600688971879,0.00373598640611304,0.985213832862528,0.996748801911717,0.999329642995529,4.62
"4.63",0.995316139383927,0.0117874948323201,0.959543056969226,0.999999131090514,0.999999999996755,4.63
"4.64",0.993453660001781,0.0114603984231271,0.959519963850112,0.998058189072778,0.999999393204738,4.64
"4.65",0.976119238699321,0.0279465826970751,0.901244336287302,0.98577800000672,0.999997200292122,4.65
"4.66",0.994164229838963,0.00684863002067492,0.976720024723509,0.995934145463749,0.999989673098094,4.66
"4.67",0.989394121485075,0.0171460689431772,0.940312061354723,0.998287305935981,0.999999995059947,4.67
"4.68",0.986703115907806,0.0139329967437063,0.947768249035315,0.991447274166195,0.999343141714371,4.68
"4.69",0.994834733151308,0.0150353212119664,0.944471883016133,0.999965861855663,0.999999999973856,4.69
"4.7",0.99547388225131,0.00497729430706016,0.9831163815503,0.997009859004711,0.999757221017276,4.7
"4.71",0.99799285499071,0.00621960130360312,0.978339191159029,0.999985089950297,0.999999986232908,4.71
"4.72",0.991294739640978,0.0138672713702203,0.952463832358126,0.998670830227208,1,4.72
"4.73",0.988934026880741,0.0170346474182962,0.94103544313279,0.99964484695088,0.999999999998764,4.73
"4.74",0.992137203823072,0.0114510386031641,0.960013109551314,0.997283141941517,0.999999999927264,4.74
"4.75",0.987490101322578,0.0296523010081161,0.892147319380853,0.999631831106598,0.99999985654906,4.75
"4.76",0.993240769576997,0.0108700852104719,0.962355029685205,0.99895700890548,0.99999999892713,4.76
"4.77",0.982653044626238,0.0226726771898022,0.916606581907857,0.990383869879349,0.999999947966406,4.77
"4.78",0.997876851089474,0.00438346705077298,0.984877089305968,0.99980085146459,0.999999989304628,4.78
"4.79",0.971321481629771,0.029725281351559,0.895441752437027,0.978956455880312,0.999998548586646,4.79
"4.8",0.993178269314969,0.00979883193272026,0.96569690646636,0.997358811938347,0.999995009917269,4.8
"4.81",0.983229490284969,0.0229095825873527,0.911839731446888,0.990355000059052,0.999984382457733,4.81
"4.82",0.995470436118539,0.00931637759113536,0.968540765798492,0.999984990228539,0.999999849587746,4.82
"4.83",0.988841120308095,0.0202465541047746,0.930524347091262,0.999523306057594,0.999999987221523,4.83
"4.84",0.978385895655707,0.0313281424004477,0.885158563443413,0.991415416225912,0.998838737993272,4.84
"4.85",0.966635883813931,0.0497807463236185,0.827657634367704,0.994188980272653,0.999980013794197,4.85
"4.86",0.972015683688394,0.0330128231545515,0.886910611388345,0.989138185733593,0.999430620838825,4.86
"4.87",0.9752458791054,0.0420235090630939,0.853505705893645,0.996635669185612,0.999999999999546,4.87
"4.88",0.987818346376035,0.0273845180603178,0.907573346528263,0.999931277382988,0.99999883393107,4.88
"4.89",0.982833167038724,0.0254263396994957,0.909820460696444,0.994841688736446,0.999968998678192,4.89
"4.9",0.991458854999086,0.012658062418739,0.957519808980225,0.999541038930505,0.999999999997785,4.9
"4.91",0.998535014479609,0.00219425702813085,0.992430788849515,0.99969378105123,0.999999979567532,4.91
"4.92",0.989601306221403,0.0285732593685193,0.890769839791032,0.999078970182688,0.999999999882218,4.92
"4.93",0.987274316121088,0.0217498987044879,0.919301805427065,0.996564145587566,0.999999999926378,4.93
"4.94",0.992321023573821,0.0171991673881863,0.939051957126952,0.999484871853672,0.999999999999122,4.94
"4.95",0.989958164009126,0.0205196254681544,0.926464863378609,0.999358243919711,0.999999989497433,4.95
"4.96",0.990149063855243,0.0214441040504421,0.917079301855796,0.996313292303366,0.999999999991269,4.96
"4.97",0.995970345279232,0.00688302745050489,0.976096199669305,0.998703392026173,0.999998179851016,4.97
"4.98",0.983794119409923,0.0382103314074918,0.852370047675223,0.997800823055708,0.999999995696662,4.98
"4.99",0.995185227957279,0.00744939162076134,0.974767559593746,0.998982738409604,0.99999999999999,4.99
"5",0.979921122455754,0.0476835872039133,0.812251455887553,0.996417611914184,0.99999724922195,5
"5.01",0.982703215843734,0.0258212720249001,0.905791042935818,0.993959177385352,0.999994284473482,5.01
"5.02",0.996140362845825,0.00491312669113331,0.982368561194438,0.998025263474485,0.999956762714853,5.02
"5.03",0.992955903479618,0.0118610873474001,0.959428339386958,0.998526682004376,0.999991772877114,5.03
"5.04",0.983422565540797,0.0231406334833748,0.913984024694928,0.991914440095287,0.999551753893288,5.04
"5.05",0.965371751773964,0.0533668278815079,0.796578954506463,0.983225064443002,0.999999997082924,5.05
"5.06",0.991864751433699,0.0150187529294747,0.94497228111653,0.997401139035424,0.999902869241244,5.06
"5.07",0.978062534076577,0.024005327943115,0.923718707179814,0.984966098682953,0.999999999940297,5.07
"5.08",0.980781102880881,0.0242066762756735,0.919801522275531,0.989812366100539,0.999999999860308,5.08
"5.09",0.990338568788606,0.0144514829089216,0.946605689489402,0.995941682044792,0.999999908728537,5.09
"5.1",0.985475630656789,0.0219339289422657,0.926604224810112,0.996762241192117,0.999984044741112,5.1
"5.11",0.983436103519414,0.0147152937218254,0.944714336215841,0.98821704171503,0.998496244526986,5.11
"5.12",0.964184857323315,0.0284706663855613,0.887523682936305,0.969029621617721,0.999987285923142,5.12
"5.13",0.977083086730977,0.0248102598138829,0.913550698852265,0.981807417707625,0.999994847808182,5.13
"5.14",0.978049127341546,0.021003879490808,0.922385255315652,0.982397966121572,0.99999437837351,5.14
"5.15",0.978751916145383,0.0180460854158404,0.937420537595279,0.980417421586377,0.999981990439904,5.15
"5.16",0.980111305668526,0.0219573182199345,0.924598053557893,0.989071812071192,0.999997491626332,5.16
"5.17",0.976090686688722,0.0196562048150464,0.925302867528527,0.980276745070732,0.999485329982005,5.17
"5.18",0.970373711767038,0.0287717311573685,0.890143893700121,0.976471534672016,0.999999996451687,5.18
"5.19",0.97814269491473,0.0277588866360043,0.900473988614607,0.989459633225834,0.999999974094219,5.19
"5.2",0.979052665180902,0.0199159379561225,0.93285376456765,0.984916142417671,0.999999999998413,5.2
"5.21",0.962391340655195,0.031343358091435,0.890979271317826,0.964740929756188,0.999997241013533,5.21
"5.22",0.957469225774687,0.030228776909069,0.884621873595952,0.961624306381515,0.999999253449451,5.22
"5.23",0.958846944668686,0.0413556101877493,0.854496420024677,0.973240590968215,0.999881199245323,5.23
"5.24",0.957112914289265,0.0440319712421624,0.837151854830564,0.968812243890704,0.999995314594516,5.24
"5.25",0.967207012565989,0.0291068581908651,0.89195835266358,0.976251679286134,0.999997212924534,5.25
"5.26",0.963999770392364,0.0386766680740195,0.852906641083386,0.973028217390121,0.999999450423934,5.26
"5.27",0.964164174979686,0.031267324744649,0.894162582943631,0.970606089458112,0.999876360041659,5.27
"5.28",0.965498449869274,0.0384480014234762,0.870619708414568,0.980945600092596,0.999999885550496,5.28
"5.29",0.968138846983155,0.0414102040728007,0.835958545809175,0.979905274994438,0.999983690841905,5.29
"5.3",0.966907524549843,0.040672004904426,0.829902640718466,0.978329786444114,0.999988617364699,5.3
"5.31",0.953750074781131,0.038753311765213,0.861397456640866,0.958062228808652,0.99999775866898,5.31
"5.32",0.96857627432043,0.0289361953344603,0.898342320774888,0.97843719553001,0.998379625507486,5.32
"5.33",0.974541380723727,0.0228220979302149,0.928275892292685,0.975107749626708,0.999968291086583,5.33
"5.34",0.961251726407849,0.0393838898298701,0.849138825786794,0.973923085684531,0.999923196533088,5.34
"5.35",0.960070705892703,0.0309566501863248,0.889829700160049,0.963330207223553,0.998429408001001,5.35
"5.36",0.955172618294508,0.03084537766389,0.88980036489568,0.955369271004053,0.999785937947649,5.36
"5.37",0.965880204169694,0.0284464618257661,0.903742390090022,0.9688432959172,0.999824325738191,5.37
"5.38",0.959024434329519,0.0286765375502887,0.894389704986137,0.963821978318187,0.999252000621518,5.38
"5.39",0.948305016334475,0.0389380131857998,0.868351229465661,0.94896450882033,0.999999984223777,5.39
"5.4",0.95451859393918,0.0379774715431128,0.870787896670548,0.960415967076209,0.999841054360967,5.4
"5.41",0.959878094818865,0.0348263002719381,0.876436904512858,0.967908022235346,0.99995375650247,5.41
"5.42",0.947667647407151,0.0463503829046414,0.832275368160968,0.954711508836909,0.999940457448889,5.42
"5.43",0.959018328444512,0.0381361816095324,0.866131011041522,0.966558224587724,0.999954780816402,5.43
"5.44",0.942779752876978,0.0350048951501068,0.868746379670804,0.943822844465623,0.999967914296331,5.44
"5.45",0.954686512982211,0.0350813562905382,0.881404591265573,0.955965759039901,0.999821980074837,5.45
"5.46",0.946871503869175,0.0426508684486141,0.844346239595272,0.952039645078078,0.999888938202458,5.46
"5.47",0.952159315747105,0.0393049678581206,0.86619368251796,0.957199749512799,0.999808640562591,5.47
"5.48",0.951194164287693,0.0454513957920266,0.846488112844314,0.954901061368264,0.999999225001484,5.48
"5.49",0.947226916181158,0.0398849055252009,0.858096335249205,0.95185977764322,0.998915948645335,5.49
"5.5",0.945319339888172,0.0406665201891962,0.847185796442651,0.950917500710593,0.999633186453485,5.5
"5.51",0.942037174816689,0.035527500192286,0.869093114131707,0.942943189127356,0.999472607050203,5.51
"5.52",0.927745075691826,0.0509325456805254,0.807504900581365,0.932731331080942,0.999435568740364,5.52
"5.53",0.938305715185209,0.0371744309608214,0.854876072086901,0.942392880334092,0.997630443871189,5.53
"5.54",0.933919783241611,0.0440964305929457,0.837413162327048,0.934067227854084,0.998970452276191,5.54
"5.55",0.929997752601153,0.0390223975199875,0.858662107136261,0.924828612949634,0.99776075166639,5.55
"5.56",0.931187442004567,0.0453207713508376,0.840320512701727,0.929495051938087,0.998409405926702,5.56
"5.57",0.94085262721647,0.0427529095196469,0.861248836974293,0.936743450120198,0.999865073721007,5.57
"5.58",0.93501043158806,0.0496919925996261,0.818029746978749,0.935461250522809,0.999527849485537,5.58
"5.59",0.931687982046597,0.0529066647560089,0.819382049765169,0.931154681233669,0.998976963538048,5.59
"5.6",0.918557127007473,0.0438244292449281,0.83422456962718,0.91514806313777,0.995241590670889,5.6
"5.61",0.92938319846889,0.048068499191318,0.83942394893504,0.928067650735491,0.999086473623973,5.61
"5.62",0.926452478027669,0.0446600217877075,0.840790585337116,0.926738586235049,0.997606958416168,5.62
"5.63",0.93044936005993,0.0433834173257513,0.845676122126776,0.930514527731869,0.997966487057801,5.63
"5.64",0.925731537463698,0.05176461427057,0.814654601376022,0.924675599290784,0.999804514573859,5.64
"5.65",0.931230577904159,0.0505241222654614,0.821678424685972,0.928775681384555,0.999140534513925,5.65
"5.66",0.930329007664998,0.0491701291566313,0.842376870230477,0.923588329488188,0.999130494627981,5.66
"5.67",0.924448515961186,0.0430298808252016,0.843451166333139,0.92625103663822,0.997548316588766,5.67
"5.68",0.915877248547102,0.0450685186117929,0.832797212840652,0.914426658902565,0.995751235209593,5.68
"5.69",0.917158280516391,0.0515787721535167,0.817574475020173,0.914385729356263,0.997609623122153,5.69
"5.7",0.92644437925398,0.0535304783103879,0.803836140392229,0.929518816728691,0.997570960551951,5.7
"5.71",0.89575387997767,0.0516703068603016,0.798310902539484,0.892726699028593,0.997548989929378,5.71
"5.72",0.910697786548656,0.0459110623991747,0.826293140188058,0.907266798164063,0.997892007524498,5.72
"5.73",0.90689306028812,0.0543854886550743,0.785232788609549,0.907882681042125,0.996110214360791,5.73
"5.74",0.911596511180381,0.056856665395871,0.797420272183177,0.910704688078559,0.999812453933964,5.74
"5.75",0.912364402830193,0.05178745950186,0.819577589681364,0.906572044843894,0.998265788767077,5.75
"5.76",0.915384638488952,0.0559423187751373,0.797684554468411,0.919809530065488,0.996250363458315,5.76
"5.77",0.907733615416218,0.051135409051541,0.808159690364997,0.908526044642421,0.992157653450042,5.77
"5.78",0.902066647233253,0.0660094201610296,0.781129277831249,0.896187238638755,0.997812231199428,5.78
"5.79",0.90486356614728,0.0512045637377756,0.81042620408935,0.89930567116496,0.999099663218153,5.79
"5.8",0.909329013897591,0.0605888035082931,0.781027010608784,0.909779071465743,0.998255343673369,5.8
"5.81",0.890474929210235,0.0601204794867977,0.770174965826045,0.88756026147728,0.988844746878018,5.81
"5.82",0.889590123289518,0.0619013940632135,0.764209029213573,0.885343581589351,0.994818942196928,5.82
"5.83",0.899549909689789,0.0553119502251088,0.789383386488086,0.898186375403917,0.994503577386233,5.83
"5.84",0.899112989930987,0.0595056009372862,0.779226762006916,0.901656581712245,0.992602061856417,5.84
"5.85",0.903702288867216,0.0605602228724445,0.783027358212707,0.90997566869733,0.991754001021777,5.85
"5.86",0.896289976450634,0.0567636107661215,0.790093530003845,0.900145992808228,0.992498160277395,5.86
"5.87",0.886358279396888,0.0622006203075562,0.774530679610759,0.888297331016014,0.989444790120666,5.87
"5.88",0.889878815681931,0.0640329056580648,0.772628342023791,0.893479530400038,0.992532368438332,5.88
"5.89",0.892741657837222,0.064537310260874,0.764062297696934,0.901534136344428,0.990319830859512,5.89
"5.9",0.88639375587917,0.0691383085297083,0.751067332836933,0.889391028789935,0.994094152906731,5.9
"5.91",0.886327848549266,0.0699857137999724,0.766771076097137,0.876412020587553,0.994460862113207,5.91
"5.92",0.880775778531909,0.0773911431339716,0.738891896527421,0.88351802187893,0.994326271488441,5.92
"5.93",0.878879895368181,0.071100132938813,0.746707127082502,0.885562402669942,0.987503928029185,5.93
"5.94",0.869233525651869,0.0739086848748803,0.744077952112784,0.863889043966309,0.990832290590829,5.94
"5.95",0.869645623440685,0.0770098022499463,0.733705256358522,0.866825355289552,0.989440939245792,5.95
"5.96",0.872144182304319,0.0813054822068702,0.717507384115373,0.869434164992257,0.991086436132554,5.96
"5.97",0.883063632252942,0.0775715287452822,0.738562934409712,0.895894331431545,0.991986987440751,5.97
"5.98",0.867079591246879,0.0826939930870387,0.723224211995152,0.862703958411348,0.989479961222564,5.98
"5.99",0.884648942584686,0.0776303063172236,0.725914058454884,0.900210297250219,0.984688158421077,5.99
"6",0.87106540492855,0.0913379075980991,0.689004515049495,0.896416327317639,0.982092661932417,6
"6.01",0.864286936147756,0.0994648543832981,0.614369163339913,0.889504179762953,0.984713228630629,6.01
"6.02",0.865973944061009,0.0788834671669633,0.730995148360726,0.869357562285534,0.986430039545725,6.02
"6.03",0.853543693829407,0.0910458678283665,0.6988669640087,0.849175371241059,0.986793620234915,6.03
"6.04",0.842928691470768,0.105956219183283,0.644120014378241,0.834800133831242,0.985179341195198,6.04
"6.05",0.83825159963973,0.0902138847448646,0.702309455006374,0.815035403430712,0.980821828747233,6.05
"6.06",0.8324069631176,0.0970930387651314,0.671179675809317,0.823703510866857,0.981175238464119,6.06
"6.07",0.838008918105486,0.098259545817981,0.588768981193996,0.842978886369923,0.974687995826078,6.07
"6.08",0.835276254800889,0.0945724671622142,0.670542272497956,0.821112618798995,0.975481793243701,6.08
"6.09",0.816169200378391,0.0959905533273722,0.617780607080701,0.804460563939895,0.982437133955824,6.09
"6.1",0.829866883954953,0.097047689541163,0.670762678402412,0.824766613606759,0.979786100995855,6.1
"6.11",0.834881789504871,0.100043457134716,0.657689701392317,0.827812679198281,0.983379101887326,6.11
"6.12",0.84353443800732,0.0956129891755312,0.655677039098637,0.863655244056079,0.974379325061577,6.12
"6.13",0.828059308287081,0.104232494860367,0.633644740995811,0.834066117437561,0.971366261850591,6.13
"6.14",0.83464571321229,0.109459879455203,0.64161379695852,0.850101124582507,0.979581011436919,6.14
"6.15",0.822823464647936,0.108477729866938,0.633593488731263,0.841266603019145,0.975342684632325,6.15
"6.16",0.802704843761151,0.10896227864903,0.61018122403888,0.776642112743561,0.970405714284227,6.16
"6.17",0.813864938394185,0.107879599344515,0.60744993522472,0.827711582075171,0.971645018940447,6.17
"6.18",0.809022451773594,0.106226588457881,0.614558467353389,0.801293722183756,0.979205959860669,6.18
"6.19",0.80646295149009,0.121778771302343,0.588377732034103,0.814239667934615,0.967256944225909,6.19
"6.2",0.79124457978185,0.107846353943299,0.592915124643388,0.781518946865541,0.965103405628796,6.2
"6.21",0.793538810059049,0.1136806328402,0.593617429067598,0.790767128808098,0.967313858046895,6.21
"6.22",0.780544208211226,0.109184839494797,0.587406609058732,0.759084946735201,0.957676333415294,6.22
"6.23",0.781729619888984,0.105106913174001,0.623234122888773,0.761602098291619,0.96786930630324,6.23
"6.24",0.774277952924951,0.109748923703788,0.614524433759308,0.745470002660175,0.957648873764239,6.24
"6.25",0.778769289212682,0.114036806460892,0.585855553174238,0.766353383374212,0.953983978023188,6.25
"6.26",0.756968175925195,0.114334643477955,0.576055843587171,0.731313426520142,0.956443909606373,6.26
"6.27",0.752254356172883,0.115104210466213,0.560050187091174,0.72529190281697,0.954819094391884,6.27
"6.28",0.751749105975275,0.108880607582467,0.568562747244599,0.733466952655125,0.948858902485108,6.28
"6.29",0.76160076228281,0.11882584438774,0.552024669619987,0.749911471564181,0.948774402563488,6.29
"6.3",0.733229482472995,0.117499871089327,0.526513026762251,0.706107292747179,0.945948231312869,6.3
"6.31",0.749857152719646,0.122191535690058,0.553567785818948,0.72274299148692,0.958085456247083,6.31
"6.32",0.716351063145631,0.110790926567363,0.552913945733929,0.690911061266838,0.939214160793937,6.32
"6.33",0.740693665762005,0.11975540114617,0.563352617825575,0.712907092388194,0.939596893903517,6.33
"6.34",0.753754691887157,0.123732060223491,0.544937741359499,0.761700512744838,0.941770360571494,6.34
"6.35",0.733221612794709,0.115360266914211,0.558223739475354,0.726811429005998,0.946514094134647,6.35
"6.36",0.720089448042204,0.114045656156529,0.53760813783908,0.698381526737802,0.93787835839962,6.36
"6.37",0.740033987067309,0.126618492716152,0.546076442046614,0.737896881329764,0.932604735061562,6.37
"6.38",0.691730239259043,0.127339912314701,0.443006756836708,0.679756643572816,0.922604145244522,6.38
"6.39",0.708908623058061,0.127010779081237,0.46321212826375,0.688088081169671,0.924375520747224,6.39
"6.4",0.671966482403475,0.115986372700215,0.466732257473095,0.647472403263006,0.900641520253282,6.4
"6.41",0.683511360846292,0.136307645860049,0.452652440494107,0.661290651738022,0.916248272338259,6.41
"6.42",0.688180622762486,0.118038054118895,0.502395851255061,0.675579102885581,0.905035793423608,6.42
"6.43",0.679212735595728,0.135055861774377,0.454856212273088,0.661758613863547,0.918985023738248,6.43
"6.44",0.670417204016788,0.125403285110283,0.460449258112881,0.649834933327032,0.910725164750141,6.44
"6.45",0.687601124540928,0.123338520376404,0.496430363074537,0.683408218034183,0.911794982302742,6.45
"6.46",0.651268874750944,0.131636698816482,0.419811777141587,0.623296042950354,0.903023315323428,6.46
"6.47",0.675196772836158,0.128043368711264,0.456455815730519,0.681202740923111,0.907330374972682,6.47
"6.48",0.692515358325989,0.128819879215165,0.485224800848227,0.692419527797005,0.905538280076974,6.48
"6.49",0.651412354227223,0.134945936538684,0.450609254974345,0.607972344659574,0.892258741442534,6.49
"6.5",0.674668894500439,0.125050431409973,0.451888550039656,0.674589701555914,0.877111133662387,6.5
"6.51",0.656925687215432,0.127903943647881,0.459567953989891,0.650675353182004,0.882521011772898,6.51
"6.52",0.667655019209935,0.143112096170391,0.426497583414149,0.670716342992914,0.892428069099087,6.52
"6.53",0.641891642696222,0.14046277204252,0.429485909856521,0.615164469194431,0.893364246226146,6.53
"6.54",0.652215750327297,0.141627499759169,0.439532108506383,0.661249983215328,0.873826875514915,6.54
"6.55",0.624156230232364,0.129086394084349,0.45692902030422,0.578279296525736,0.862105026255865,6.55
"6.56",0.623827093025391,0.145763019915728,0.39402288152922,0.595342174741219,0.879917972097652,6.56
"6.57",0.623728466406618,0.126226555873891,0.42811812526037,0.616766914469535,0.854567096224137,6.57
"6.58",0.627895779325736,0.123734228989199,0.438784544160167,0.60872722813637,0.855523677901497,6.58
"6.59",0.607754985758426,0.133951590692854,0.385246457917822,0.596639262092718,0.852525633821853,6.59
"6.6",0.603065031759699,0.134764481819887,0.405622270443205,0.580004297119072,0.85634967757217,6.6
"6.61",0.600821941030896,0.1364656411751,0.399136007717585,0.578609818979501,0.849146726137987,6.61
"6.62",0.627251943908801,0.141654282525833,0.386288499415957,0.615956430403042,0.852352510559723,6.62
"6.63",0.607478303234492,0.12287001046077,0.422704614214125,0.593724216663903,0.848117523613155,6.63
"6.64",0.585624131797492,0.141522908365081,0.397014549675856,0.542696283807847,0.837271586488923,6.64
"6.65",0.593166753152134,0.141797215865778,0.389791067063738,0.576928203620654,0.855437368763566,6.65
"6.66",0.570982454143854,0.132309586429322,0.354251934091702,0.550183323546753,0.823893239494995,6.66
"6.67",0.593394054574737,0.137485322815333,0.39545872327669,0.571885429306896,0.82203291927692,6.67
"6.68",0.578609180397264,0.148011804878696,0.357692692940621,0.547137830265043,0.848493882924101,6.68
"6.69",0.591936749944414,0.149918835590841,0.373641257728316,0.567342354906565,0.835470354985685,6.69
"6.7",0.56304895468864,0.126779161562491,0.377341494625769,0.542644545557724,0.812292853253422,6.7
"6.71",0.575274555019113,0.137671556797513,0.362547565795875,0.562759795988332,0.8075144353691,6.71
"6.72",0.573348613733356,0.129019968114827,0.374709964419632,0.568693986355184,0.796694778024582,6.72
"6.73",0.574587057146095,0.144528689172875,0.360354677565302,0.565643259209113,0.800027274888719,6.73
"6.74",0.574306232188761,0.140105983429344,0.348845549491135,0.573068002463774,0.789928140140131,6.74
"6.75",0.551572363736931,0.142112656001199,0.328647073494056,0.498092075652795,0.796813207663698,6.75
"6.76",0.534909806994225,0.141843774677063,0.349111518941967,0.484835905717777,0.788199049590501,6.76
"6.77",0.53016094174957,0.13708602380782,0.34638041927206,0.48911550560752,0.776324013979653,6.77
"6.78",0.51858071212847,0.132706064974793,0.278071365531272,0.492393181112542,0.75842514470105,6.78
"6.79",0.513540396570114,0.135753738972193,0.3021455233049,0.47636737900946,0.762956335485035,6.79
"6.8",0.534534221560264,0.145948707049139,0.301993809601306,0.489486439672271,0.778690219348797,6.8
"6.81",0.516393951946869,0.137461394322145,0.289240043984341,0.528144445994841,0.758977165325692,6.81
"6.82",0.524704163059991,0.138981142086489,0.305965494958368,0.526306730100419,0.7641260040882,6.82
"6.83",0.54338100827356,0.145357545775669,0.320858953977234,0.535370035669625,0.771857195985822,6.83
"6.84",0.500446162594688,0.136780150461817,0.308031578817139,0.472066653080974,0.743594466894137,6.84
"6.85",0.479575805056013,0.117426211573943,0.30834591428075,0.465562148747271,0.726146290452423,6.85
"6.86",0.481303761598764,0.134554436009717,0.243362573591248,0.449382268517651,0.737938040692174,6.86
"6.87",0.473821827922184,0.133290452785931,0.290706351765342,0.424711983053163,0.722145673908858,6.87
"6.88",0.457572275125442,0.127388388284784,0.286643337933436,0.415963500211111,0.70291854554026,6.88
"6.89",0.458583761735249,0.121037827852492,0.263310563654281,0.43248678343074,0.710105633430426,6.89
"6.9",0.486672479228896,0.133103737267587,0.278540901990552,0.478594956945249,0.722966157791581,6.9
"6.91",0.471851141089811,0.131468422570634,0.251791639910988,0.468235123126921,0.7021438438184,6.91
"6.92",0.438212663226194,0.129111129582156,0.233152823145411,0.3974155187631,0.684305114219538,6.92
"6.93",0.460480766238265,0.128535468647901,0.252791868338378,0.454947607014711,0.692891503464256,6.93
"6.94",0.432289273765972,0.129561194007379,0.257484470761648,0.384050283912309,0.693061756168666,6.94
"6.95",0.453983103095684,0.131370821809381,0.268364838899174,0.424534765137064,0.691310136177899,6.95
"6.96",0.442450958019853,0.130475403608007,0.239386566963533,0.417199829521462,0.682636408477438,6.96
"6.97",0.445556106831764,0.136495770388814,0.261611895378854,0.418536866938267,0.684111194692759,6.97
"6.98",0.413581053592866,0.112395059910891,0.240507874317673,0.381458757782516,0.648953444594195,6.98
"6.99",0.415394470612857,0.133997494864587,0.247550005689935,0.366364482812363,0.68540035408887,6.99
"7",0.432861663993633,0.133948815139303,0.241461360496906,0.423214654097405,0.693148890726854,7
"7.01",0.401076312672628,0.119364655596359,0.235180123425545,0.363148776860436,0.644764479505617,7.01
"7.02",0.411048872538582,0.130333023037357,0.23411554800622,0.365909053543885,0.64685892797953,7.02
"7.03",0.407347207987182,0.11627066080736,0.240960909219789,0.386432026647705,0.629450780757236,7.03
"7.04",0.425725244423896,0.121382600439353,0.238674331035158,0.422482679786803,0.645116398875974,7.04
"7.05",0.432396534973268,0.125405088695438,0.238396186619873,0.425486827894624,0.635368979199456,7.05
"7.06",0.409924922340693,0.123119399173739,0.245870827254955,0.37740072965007,0.644351391428195,7.06
"7.07",0.402388293545988,0.115702359503355,0.235966918328823,0.384359794986176,0.629713687012285,7.07
"7.08",0.392663231090402,0.129753040068952,0.228657129647347,0.343469382548332,0.636065981893471,7.08
"7.09",0.385240884579549,0.113759543873023,0.221894028950454,0.383334258405428,0.610193772411037,7.09
"7.1",0.378036100322681,0.10378957423369,0.227063716705574,0.367076598104178,0.57855974385328,7.1
"7.11",0.398651090862748,0.115323843104024,0.230457757235576,0.387334826288772,0.60243385120251,7.11
"7.12",0.378484896862754,0.117058822672258,0.226271410505386,0.333111718453772,0.592297671338458,7.12
"7.13",0.352099435015441,0.115475678942285,0.198115985140636,0.315355416753066,0.603034212584142,7.13
"7.14",0.364400643193886,0.0976665921906273,0.220412299924286,0.360857081411766,0.562610686757854,7.14
"7.15",0.342967565086527,0.107741261435109,0.201204013234431,0.315131428490726,0.571954525971818,7.15
"7.16",0.364795519112393,0.119032290692968,0.205810019479721,0.354649445119757,0.579211071596097,7.16
"7.17",0.328061699280054,0.0858716347514701,0.203755213224802,0.308809849523871,0.527876787008145,7.17
"7.18",0.369091520256461,0.1076245483215,0.216355830729346,0.347797535190087,0.567915818557958,7.18
"7.19",0.370504826269164,0.130982126979959,0.182528141760249,0.353231970922385,0.573317050076966,7.19
"7.2",0.348882646696748,0.109345751659583,0.193546202723134,0.319977119536389,0.540979764666637,7.2
"7.21",0.339713568033499,0.113401970771061,0.196621294348791,0.317022547994456,0.577059387354741,7.21
"7.22",0.336293840179189,0.10526521595944,0.187154016032253,0.323589664239973,0.544047384143737,7.22
"7.23",0.325776488111583,0.110305675953095,0.180549089546195,0.296650138379583,0.52752865495443,7.23
"7.24",0.314684676746954,0.100568619252567,0.184421146235211,0.281675273699516,0.52202304492746,7.24
"7.25",0.291420236392196,0.0961866043925694,0.181664453164771,0.256571821561833,0.514788066879229,7.25
"7.26",0.319218928908831,0.111664781545311,0.157218726760371,0.290872889083686,0.525156936855102,7.26
"7.27",0.31512172670423,0.0991886486144288,0.1736672742461,0.297935545490286,0.50587317794411,7.27
"7.28",0.309160866742767,0.10577362765083,0.175550592577537,0.278122878127102,0.517371785712285,7.28
"7.29",0.323428301980142,0.108919318801106,0.169910385617116,0.30188870639573,0.512454148431162,7.29
"7.3",0.275722976553413,0.0976140216908125,0.15598248704572,0.240672837300298,0.483165622754694,7.3
"7.31",0.298774840051531,0.102554507876516,0.155393978322459,0.288832719015519,0.497581357995543,7.31
"7.32",0.291050822503674,0.100853220745182,0.146855751221568,0.260318974563911,0.48659170253576,7.32
"7.33",0.281490938113148,0.0888982933306541,0.15307155012825,0.278993811544642,0.467639179993748,7.33
"7.34",0.292453895113631,0.10026057294695,0.139325158836895,0.283550732266344,0.470994906801194,7.34
"7.35",0.267084727747869,0.0996517603053066,0.153248741408829,0.222194403562558,0.468788698351966,7.35
"7.36",0.268329693073938,0.09605297635167,0.138425933184557,0.236338127356586,0.458136368753143,7.36
"7.37",0.264788816401061,0.094458736009592,0.146356764195635,0.230199229775962,0.456489673428877,7.37
"7.38",0.286786161463335,0.102007829478833,0.123672666055596,0.280132853442821,0.45641280018459,7.38
"7.39",0.249460269621939,0.0802483315466932,0.152855657605605,0.219570084538192,0.429377404625347,7.39
"7.4",0.260878455124663,0.0839739819513338,0.135877732362637,0.250352710085102,0.440533086013717,7.4
"7.41",0.246345678180475,0.0933020069846113,0.122114450431899,0.215038181446099,0.431934268319368,7.41
"7.42",0.269933322063034,0.0980835328415977,0.132886009406333,0.258568859653176,0.459388204434034,7.42
"7.43",0.240446811499233,0.0879281241466886,0.130712946571499,0.205580664912821,0.414062963255537,7.43
"7.44",0.256523245296022,0.1003826904124,0.113550613714908,0.236550421360868,0.439059999697195,7.44
"7.45",0.23602190803618,0.0864886168451156,0.126180980319901,0.203162995743177,0.409603077884664,7.45
"7.46",0.225386843216285,0.0860782679501796,0.11587340652964,0.194505814993678,0.407396095257033,7.46
"7.47",0.220279430097169,0.0797685550543308,0.117732034409828,0.196488782485156,0.396079153306879,7.47
"7.48",0.236408913575423,0.0860290419932916,0.112243259328656,0.22546161204478,0.391442857124208,7.48
"7.49",0.216583610829987,0.0809665923536813,0.111906327011155,0.191210036358465,0.394391202381596,7.49
"7.5",0.213504419162647,0.0822813229646912,0.095937168543595,0.199208179094447,0.379720339879909,7.5
"7.51",0.224635073146156,0.0809644935962122,0.117453402461108,0.20468679212022,0.382051023087668,7.51
"7.52",0.22334753850052,0.0797215061899761,0.121487084650346,0.198769978954419,0.398116895310269,7.52
"7.53",0.216246258224668,0.0794761999864917,0.117776125849618,0.192872638134002,0.376991774676655,7.53
"7.54",0.200533139276384,0.0665433674194609,0.110438008448686,0.182349072559541,0.343815199776848,7.54
"7.55",0.223080804476586,0.0807904327848831,0.112554471559836,0.207074341828647,0.395934435069002,7.55
"7.56",0.2040353652971,0.0645384258052673,0.117362974415582,0.19222993641767,0.352473788229344,7.56
"7.57",0.196616966978862,0.0758677273583934,0.0874875803762267,0.180170130347942,0.358797472501857,7.57
"7.58",0.199707717914298,0.0711168008795952,0.103565408881032,0.18062833147959,0.351281233088158,7.58
"7.59",0.219517109218621,0.0818100435739042,0.0986278587675736,0.208250361414349,0.357802061504971,7.59
"7.6",0.198990156633292,0.0784233063375251,0.102725301055268,0.168179945038981,0.354520293888083,7.6
"7.61",0.184689113943584,0.075659356340805,0.0903457803692002,0.162824563365727,0.368069720800012,7.61
"7.62",0.199559338707719,0.0725362382031069,0.0895428319601307,0.182759524774568,0.33527050657103,7.62
"7.63",0.181359915061792,0.0718638643416467,0.0893260003632551,0.161404329461615,0.327774095315531,7.63
"7.64",0.179872862576826,0.0665762038597045,0.0846199063072855,0.164631610471532,0.316399123614797,7.64
"7.65",0.189051995578677,0.0656998639667232,0.0879193038866843,0.180972898458895,0.315067270297084,7.65
"7.66",0.177218558278567,0.0697708780545612,0.0731568141496333,0.155908280392891,0.313983970116951,7.66
"7.67",0.206286747014607,0.0784869681817966,0.0841150179695384,0.20413777338704,0.343987625903242,7.67
"7.68",0.190534778741378,0.0689329909709525,0.0936503793640203,0.182337914442611,0.322838645926922,7.68
"7.69",0.182278502226055,0.0732367221798067,0.0796347749137982,0.162746765372026,0.325661114546398,7.69
"7.7",0.180332005732981,0.0672784148089417,0.0818631643283879,0.164861929359665,0.306667537634274,7.7
"7.71",0.18125657171041,0.0689280272323962,0.0861179481442023,0.175375870844912,0.313744655729733,7.71
"7.72",0.168143186457839,0.0652851994230428,0.0803469688081225,0.15310604664866,0.301957935484778,7.72
"7.73",0.158007279053291,0.0567148165313418,0.0797411717701427,0.148166927113817,0.276924646604649,7.73
"7.74",0.167510572479496,0.0636515526170688,0.0834480350426627,0.151968510996271,0.283081337989001,7.74
"7.75",0.148772862772854,0.0525120743649493,0.0825777554328884,0.133288498844204,0.2761381407223,7.75
"7.76",0.159966078519393,0.0615156745994929,0.078458470281655,0.144667840625835,0.284429390977391,7.76
"7.77",0.158369272777678,0.0605926073553764,0.076165548072094,0.141221569228949,0.288676188302395,7.77
"7.78",0.144907629515174,0.0518293080259569,0.0781069961141039,0.128593806827178,0.268601604590723,7.78
"7.79",0.162299037536264,0.0622495688064937,0.0755623503528475,0.148620709209486,0.2818694253414,7.79
"7.8",0.132302117294242,0.0428719061936647,0.0774525046694886,0.120226737396712,0.243915053332388,7.8
"7.81",0.148300962789847,0.0599455942349427,0.0740385198529032,0.123557822574522,0.270184718521502,7.81
"7.82",0.135894378930832,0.0504466886784801,0.0730345176936135,0.119279878236396,0.256095125838634,7.82
"7.83",0.144843825995945,0.0564173523174072,0.069442864629839,0.129736148562269,0.257757923599458,7.83
"7.84",0.144505065724291,0.0556297915549943,0.0688962329857735,0.132812497949973,0.256876256477544,7.84
"7.85",0.146578781052486,0.0544642372329584,0.0755963439444581,0.132497773998155,0.26435669515441,7.85
"7.86",0.142453983563546,0.0535429526052409,0.070820335238995,0.125676577727277,0.250549610891946,7.86
"7.87",0.126338428850008,0.0431688371489987,0.0710701220880961,0.114040767563708,0.237352603282955,7.87
"7.88",0.119404401278086,0.0456496728329244,0.0601305423506791,0.106659744270151,0.22848566859706,7.88
"7.89",0.107459789053165,0.0430625355676017,0.0534775283055705,0.0950488793082927,0.219486462270017,7.89
"7.9",0.134733047349287,0.0567805774814632,0.0642233856694378,0.115286989888042,0.25984351147346,7.9
"7.91",0.12193280934118,0.0508720011965857,0.0598775835772258,0.101721813485383,0.226510966139848,7.91
"7.92",0.123598889739221,0.0497144156641043,0.0582120025015461,0.10796702662922,0.226970284205336,7.92
"7.93",0.120259610519679,0.0445176416505045,0.0607572984569931,0.111036366689245,0.221388985596117,7.93
"7.94",0.124104613121422,0.0501400197990216,0.0544648261540527,0.112559719824232,0.231781361822606,7.94
"7.95",0.110287255299579,0.0392696411514626,0.059038977952968,0.100197469898966,0.214385947280839,7.95
"7.96",0.122140405649503,0.045442778937092,0.0583019461564339,0.113460795701545,0.215999151037815,7.96
"7.97",0.113927768271814,0.0474526820073155,0.0555786932861064,0.098087068103159,0.20902891465827,7.97
"7.98",0.110676581658099,0.0420542100846863,0.0448402947811483,0.0996344747037186,0.204474115296318,7.98
"7.99",0.113058731990113,0.0444701008776166,0.0557230663687344,0.102625436762363,0.213967278776413,7.99
"8",0.106089726429145,0.0444454180413169,0.0519995128372691,0.091819121390122,0.209519600653943,8
"8.01",0.105589361880792,0.0412141385306646,0.0475391365868806,0.0969637290387312,0.198143953353909,8.01
"8.02",0.100271733588941,0.039532864058238,0.0491669393246758,0.0890202260126105,0.191623294530196,8.02
"8.03",0.100831283118979,0.0339938026673861,0.0557193056860562,0.0922776688462137,0.184438548023233,8.03
"8.04",0.0993653768756795,0.0386338841893317,0.0493440985736441,0.091140259928874,0.185896514976074,8.04
"8.05",0.0962938686525811,0.0357837980362217,0.0473440182490399,0.0858961297076035,0.182547807630121,8.05
"8.06",0.0935531509213386,0.0352426188748741,0.0494560816310178,0.0826485385960404,0.179313472401758,8.06
"8.07",0.0955164265835835,0.0382452513711333,0.0435376005397827,0.084650441640726,0.182032114009428,8.07
"8.08",0.089451790091132,0.0363748301566894,0.0412881633304382,0.0813598198505422,0.186644706788729,8.08
"8.09",0.0936064834163153,0.0362243283625741,0.0451331375030793,0.0842713846951683,0.17456296238764,8.09
"8.1",0.0989460462090577,0.0368670452380145,0.0460427051504259,0.0928339265274575,0.178582345502194,8.1
"8.11",0.0918011898649404,0.0397865515400363,0.0413300567631327,0.0802463337716588,0.179375819281682,8.11
"8.12",0.0825197700110889,0.035826671283705,0.0400578283656166,0.0706064195701931,0.168281889132668,8.12
"8.13",0.0946121952000154,0.0384810866186633,0.0423464507586423,0.0862318476793053,0.16923775976694,8.13
"8.14",0.0984508694021051,0.0432685278951909,0.0394187099588796,0.0953217272760175,0.179502590298673,8.14
"8.15",0.0949447694175599,0.038549463458168,0.0391397877289199,0.0898286465458005,0.17011323499324,8.15
"8.16",0.0757711230638619,0.0244948980018003,0.0408352712362472,0.0712470132145698,0.13724062885762,8.16
"8.17",0.0796727478836346,0.0308352488451182,0.0372950497581509,0.0739563112664224,0.1500706353728,8.17
"8.18",0.0881046228976205,0.0353834095096665,0.0380305304564077,0.082651391074732,0.169150910425014,8.18
"8.19",0.078889109563192,0.0320527003460594,0.0374819874251111,0.0711683121192559,0.153861506900423,8.19
"8.2",0.077849113657193,0.0317508610573988,0.0375269458053104,0.0692725169909407,0.147750912298859,8.2
"8.21",0.0832779022726167,0.0296157966498557,0.0393700514033626,0.078021485934172,0.150802494804035,8.21
"8.22",0.0787672840687903,0.0315122219422924,0.0370617763015923,0.0720408357150842,0.156521290299588,8.22
"8.23",0.0795116866140113,0.0317173683693509,0.030242466727796,0.0779687791241343,0.148403060077762,8.23
"8.24",0.0764299410482131,0.0308338590016248,0.0360833974045814,0.0689295811307389,0.142490341854283,8.24
"8.25",0.07290998076604,0.0272595929569259,0.0370838144196059,0.0664355614600263,0.137489782105777,8.25
"8.26",0.0741035036956546,0.0305569183568429,0.0316569044762079,0.0727696337544932,0.141459647493653,8.26
"8.27",0.0634791176489969,0.020380495798507,0.0325864838901004,0.0602105954065451,0.108936048607546,8.27
"8.28",0.0690233203477333,0.0322717635052876,0.0324797316429835,0.0557043218510656,0.14047867115091,8.28
"8.29",0.0731203526163125,0.0265307836769271,0.0350277677533187,0.0708401346898225,0.130143677426168,8.29
"8.3",0.0685741061702862,0.0235624678052072,0.0341710007863668,0.0665556951588488,0.125101143393322,8.3
"8.31",0.0683208853099975,0.0288887072965533,0.0297004956531955,0.0634192529008961,0.139123233720915,8.31
"8.32",0.0656590786740278,0.0288567699499846,0.0311241168359925,0.0550078424929448,0.132289771805163,8.32
"8.33",0.0707027946348181,0.0277931921838061,0.032871359303391,0.0645636516827286,0.13045176663168,8.33
"8.34",0.0638462217869372,0.0285420012337211,0.0290438291185693,0.0544794195564777,0.128829971792208,8.34
"8.35",0.0670658410220549,0.0277945152563621,0.0310329457748121,0.0592017285568137,0.122906024669874,8.35
"8.36",0.0560222812130913,0.0195553948383108,0.0295154879692398,0.0518560127625555,0.10820697048545,8.36
"8.37",0.0591024918643229,0.0219342610547437,0.0243427770054036,0.0570870282771828,0.107249849419852,8.37
"8.38",0.0559969334592843,0.0218501818799397,0.0272738410998669,0.0507159404745958,0.107383347975468,8.38
"8.39",0.0613078320326989,0.0258132030209536,0.0302941936081463,0.0528571247789074,0.123051874839112,8.39
"8.4",0.0526451572862585,0.023140281814437,0.0207680434433568,0.0463426813766051,0.108960150908495,8.4
"8.41",0.0529208989663162,0.024571536738022,0.0220470588300738,0.0450296936087164,0.111728561433913,8.41
"8.42",0.0581519437274284,0.0271155745979183,0.0236062161432657,0.0497011834274084,0.115682019637543,8.42
"8.43",0.0598793983897144,0.0249991879884628,0.0257056261937265,0.0557704983235112,0.113213279620237,8.43
"8.44",0.0512792115073836,0.0236359707083612,0.0242162218479644,0.0429791855350624,0.107367664328468,8.44
"8.45",0.065442724823422,0.0256800619441971,0.02559887153079,0.0680887174484874,0.109848432167515,8.45
"8.46",0.0580553838765076,0.0246001003409406,0.0257909791982309,0.0512018650129032,0.110427779337595,8.46
"8.47",0.0599163579911134,0.0227338220843511,0.0265484730835266,0.0568066858946349,0.112394663026043,8.47
"8.48",0.0569908905179478,0.0207493034819749,0.0252920729707885,0.0562737005701882,0.0985058999446668,8.48
"8.49",0.0554479929028391,0.0197176444635317,0.0278420093707894,0.0526950482177391,0.101374344314495,8.49
"8.5",0.0541828699531612,0.0225376736895295,0.0215743088221628,0.0502455493939749,0.101912175032955,8.5
"8.51",0.0506234144963838,0.0206216889745996,0.0240605326185006,0.04485902947026,0.0966012260897118,8.51
"8.52",0.0481841464974523,0.0190849274150505,0.0218614623622766,0.0439432545019341,0.0933211977906876,8.52
"8.53",0.0530127845939583,0.0216714807062261,0.0226435279396193,0.0500676388523164,0.0981395077580789,8.53
"8.54",0.0435523114135138,0.0183501357783397,0.0212970328309806,0.037976182242989,0.0887097768901772,8.54
"8.55",0.0491330626321996,0.0191645670230356,0.0219808631896694,0.0468193328342545,0.0893896613113898,8.55
"8.56",0.0480754231290808,0.0158874488864054,0.0227813009741163,0.0465864426493555,0.0850584217585842,8.56
"8.57",0.0456668331595551,0.0182205579439633,0.0169742013407561,0.0421993840351451,0.0861507262538025,8.57
"8.58",0.0441250709459502,0.0167632462240224,0.0217627157393821,0.0402920066200761,0.0868756242558226,8.58
"8.59",0.0415553318015308,0.0156713049957683,0.0166803429538546,0.040137289324335,0.0773254655159212,8.59
"8.6",0.0485509304882856,0.0201785791626173,0.0224781787565742,0.0430997705077594,0.0930760263356716,8.6
"8.61",0.0435248755665037,0.0184634121207619,0.0200956779975242,0.0376217146307437,0.0841084146822025,8.61
"8.62",0.046061098329417,0.0192454827557187,0.0200959680789377,0.0416389261657734,0.0873856765530913,8.62
"8.63",0.0432104242916203,0.0173824460353988,0.0184145991541624,0.0405574592599939,0.0811302946747501,8.63
"8.64",0.0430845545695668,0.0208604042078793,0.0181402173847197,0.0346872029316825,0.0861218709662426,8.64
"8.65",0.0442222531880611,0.0158640562078569,0.0200847700171138,0.042046689017265,0.0797009360731046,8.65
"8.66",0.0391093916557125,0.0166735748635794,0.0159478215130152,0.0351054982753368,0.0740132597358641,8.66
"8.67",0.036256331411882,0.0147091803345187,0.016320001782135,0.0336633475663707,0.0705321784329133,8.67
"8.68",0.0394659124581778,0.0174506581322536,0.0163167764175794,0.0358880645902595,0.0760896149413347,8.68
"8.69",0.0394860958522507,0.0183923985205138,0.0167678009140612,0.0336034847234499,0.0823673013768587,8.69
"8.7",0.0341422120735814,0.0143984885393154,0.0155372875092043,0.0304337858760377,0.0682990793460432,8.7
"8.71",0.0331169999926181,0.0153205467452864,0.0150331109900843,0.0275187222676532,0.0698863791810101,8.71
"8.72",0.0394486753965235,0.0165334943890203,0.0170660257761714,0.0351456125882509,0.0752264124528938,8.72
"8.73",0.0386697595611475,0.0154282694434425,0.0169527628976942,0.0363887367684822,0.0727988482285828,8.73
"8.74",0.0393500750490712,0.016061569467898,0.0169698955636955,0.0363793071565161,0.0737242749123249,8.74
"8.75",0.0359979936484949,0.0150614284076703,0.0160306944130885,0.0324715914051257,0.0707165266935945,8.75
"8.76",0.0371295402616551,0.0148587234488943,0.0168381101683736,0.0340151968666223,0.0706680784510356,8.76
"8.77",0.0346941095093751,0.0142294208807178,0.0145803530883336,0.0317706614463272,0.0654849705110089,8.77
"8.78",0.0332311283477252,0.0150753323605151,0.0142155835876049,0.0288450666699895,0.0658007085599445,8.78
"8.79",0.0351107019558776,0.015634026420536,0.0140655765865921,0.0316569833253867,0.0674265863311835,8.79
"8.8",0.0331722019494864,0.0147894717489758,0.0141769236119885,0.0286116715159019,0.0646727274045,8.8
"8.81",0.0323656906949118,0.0148020094045043,0.0116105056959843,0.0302046049177075,0.0637709102259043,8.81
"8.82",0.0335211548012252,0.0155330733219758,0.0131034695436204,0.0293118933010999,0.064624331866218,8.82
"8.83",0.0327436341005187,0.0142731497698386,0.0132349279578944,0.0295500062848603,0.0637026802305147,8.83
"8.84",0.0316686203319939,0.0121969053999796,0.0139000933111773,0.0293742544766913,0.0581504864138098,8.84
"8.85",0.0288252103851154,0.0120290772808952,0.0133287231655317,0.0255531142532293,0.0580212222954823,8.85
"8.86",0.0318357758469243,0.011935208513619,0.0119530668113655,0.0297876847849865,0.058886051165,8.86
"8.87",0.0279278694432271,0.0110132574250686,0.0129729229024774,0.0253373581978083,0.0536525621584827,8.87
"8.88",0.0313404989854973,0.0132548158136431,0.013282700538632,0.0280969571485981,0.0588647695839798,8.88
"8.89",0.027389746029909,0.012299803727085,0.0119732717620992,0.0236699786399588,0.0561314647526398,8.89
"8.9",0.0273182025963137,0.0108659553500815,0.0122165525212607,0.0251644725933315,0.0530272265200477,8.9
"8.91",0.0288104192315304,0.0116359155432668,0.0116835873800619,0.0280887377937051,0.0530052569337784,8.91
"8.92",0.027524400954409,0.0122776285065117,0.0103126220017483,0.0246989519199501,0.0549502163033353,8.92
"8.93",0.02832926209438,0.0118564931542949,0.0114681300773965,0.0266644305993423,0.0526037250570725,8.93
"8.94",0.0254770502426849,0.0118469517853899,0.0101434181625003,0.0221847925709332,0.0529991866669307,8.94
"8.95",0.0278035950834128,0.0117284777413256,0.0111015250440081,0.026297650992696,0.0519380495212232,8.95
"8.96",0.0242438928312357,0.0125229651992911,0.00915829742412766,0.0193446790901983,0.05134570472146,8.96
"8.97",0.0287535266100091,0.011446732046554,0.0111429063783556,0.0281578361791621,0.0512481206195137,8.97
"8.98",0.024325680995035,0.0112682738527235,0.00920585121617548,0.0223199198952777,0.0484871008326436,8.98
"8.99",0.0268301418211201,0.0107179411513469,0.0110928200357891,0.025179510310013,0.0494136835992544,8.99
"9",0.0254078632490552,0.0106072668300588,0.0100687489218555,0.0237677547400184,0.0479409016283472,9
"9.01",0.0213046773969191,0.00882694841723185,0.0104664285392871,0.0188159172523486,0.044524235851985,9.01
"9.02",0.023528665298169,0.00966279555104069,0.0100513501389989,0.0216135032627956,0.0458950069741825,9.02
"9.03",0.0227804328610117,0.0110046256070945,0.00862115877068837,0.0199174366321929,0.0471913260847391,9.03
"9.04",0.0220018163691193,0.00904696218974204,0.00977270755628113,0.0200464552995009,0.0440059289786582,9.04
"9.05",0.0240984249486903,0.00977996205116486,0.00897834428018189,0.0228623846427375,0.0449756761724178,9.05
"9.06",0.0194281961737372,0.00883393995111859,0.00846080300660187,0.0171592220423125,0.041820067626989,9.06
"9.07",0.0258719873080986,0.00960549674512052,0.0101155517962243,0.0256081430000271,0.0447139651611393,9.07
"9.08",0.0198494057776704,0.00837163031620025,0.00862544017334908,0.0180891548309965,0.0395110062817366,9.08
"9.09",0.0210035365289357,0.00872647053990467,0.00890148201414884,0.0193061040864249,0.0406922243352341,9.09
"9.1",0.0192640589263306,0.00852326795623775,0.00808021627910462,0.0171447183822257,0.0390539520320508,9.1
"9.11",0.0219514896656904,0.00872923946655075,0.00823931415336742,0.0211996539853749,0.0402265032278144,9.11
"9.12",0.0196367223588557,0.00791154321298366,0.00831167222600965,0.0184089038590692,0.038253218674472,9.12
"9.13",0.0193598101713829,0.00834359040174253,0.00746695081330255,0.0177497301776396,0.0385166866717942,9.13
"9.14",0.0197594928155448,0.00817482947911601,0.00786368849551091,0.0185925401453051,0.0383113559615088,9.14
"9.15",0.0196640356410385,0.00782628688578651,0.00845257434515468,0.0183160892098193,0.0378497968920982,9.15
"9.16",0.020009605184486,0.00851630349835945,0.00798323681488993,0.0184397004749059,0.038731970488057,9.16
"9.17",0.0179146640722761,0.00803351443917567,0.00712898275192834,0.0162981121769143,0.0360080538455482,9.17
"9.18",0.0191027975835342,0.00756713468393539,0.00738804848015315,0.0180146416915626,0.0358576904351462,9.18
"9.19",0.016808709010037,0.00755609443207654,0.007201991304972,0.0146043110585366,0.0353449192200726,9.19
"9.2",0.0184993570224685,0.00733415307062805,0.0074826103876743,0.0173338252130725,0.0346750365293013,9.2
"9.21",0.0172181673167634,0.00781174475753233,0.00720742191013789,0.0150328834200777,0.0357970934751595,9.21
"9.22",0.0173368537108936,0.00743000272151355,0.00717095117494154,0.0156511264279879,0.0351293225211547,9.22
"9.23",0.0170542888382065,0.00706418731552995,0.00772462222921539,0.0152322477499338,0.0332613654190594,9.23
"9.24",0.0175356269522279,0.00646033550503111,0.00691723424042757,0.0167987283077081,0.032088384507842,9.24
"9.25",0.019933840271794,0.0076163198998378,0.00757858389466036,0.0198698393996079,0.0350586563785917,9.25
"9.26",0.0171830411929476,0.00683736889709338,0.00663491518528158,0.0162776222797618,0.0320929174554136,9.26
"9.27",0.017119873810566,0.00642607308540158,0.00729324758648642,0.0161536198257378,0.031939034681414,9.27
"9.28",0.0162304744078483,0.00737620054970534,0.00597520294991639,0.0151151851742374,0.0320433126940717,9.28
"9.29",0.0174449419355865,0.00721647004923242,0.00652815658718596,0.0163911200041824,0.0325472969645673,9.29
"9.3",0.0160929531517276,0.00669310683114885,0.00560448532178855,0.0152982364805985,0.0305618957967616,9.3
"9.31",0.0163208163589871,0.0067174191198658,0.00634405934174673,0.0156232061371832,0.0302177889205879,9.31
"9.32",0.0164194684432273,0.00667531513837305,0.00603695639379247,0.0155434530354209,0.0306143842926351,9.32
"9.33",0.0160805760875168,0.00694622874458438,0.0061656278742715,0.0149516758578313,0.030895254593762,9.33
"9.34",0.0151575513511006,0.00660794284137937,0.00557050832395789,0.0142174085083128,0.0292020293211935,9.34
"9.35",0.0149593863412102,0.0060920157465405,0.00559653709532787,0.0141369995494918,0.0283798723053668,9.35
"9.36",0.0129787535381195,0.00622329371728248,0.00483116289381462,0.011535565081377,0.0275061903132355,9.36
"9.37",0.0139285517861937,0.00674124371226129,0.00473920081136928,0.0128872489490715,0.0279189206991806,9.37
"9.38",0.0140163016074976,0.00611153897653983,0.00508840478353422,0.0131077343678364,0.0273202192702666,9.38
"9.39",0.0158928484291835,0.00562286661136683,0.00726945077661006,0.0148951570778085,0.0284028033087221,9.39
"9.4",0.013538333476162,0.00528681931896244,0.00551000102358228,0.0127299826779191,0.0257816862102094,9.4
"9.41",0.0140786732411201,0.00633112839168531,0.00492946900935538,0.0136608619580434,0.0268361916330106,9.41
"9.42",0.012273618380541,0.00570360156717106,0.00505283738374192,0.0106652132882452,0.0257732409811745,9.42
"9.43",0.0143012088081902,0.00547375853800553,0.00558093313380986,0.0135737445908913,0.0261743760468047,9.43
"9.44",0.0112570783284782,0.00437603670543379,0.0051431739912485,0.01052625754104,0.0219489297351394,9.44
"9.45",0.0126575107842543,0.00555509302028403,0.00444856254628017,0.0118753280062595,0.0248700110322993,9.45
"9.46",0.0112807735034598,0.00542614912421885,0.00432618438363822,0.0099463578181101,0.02458967974231,9.46
"9.47",0.0118030078274168,0.00509206059732241,0.00463181214063745,0.0107739648832766,0.024103658275754,9.47
"9.48",0.0114283549056,0.00500003968691801,0.00444086644800794,0.0105549914652487,0.0230284384660549,9.48
"9.49",0.0124775657475993,0.00489244838520386,0.00457920566317306,0.0119386743016093,0.0231409661724242,9.49
"9.5",0.0111611478502498,0.00483910962000995,0.00422319920031615,0.0103893820750725,0.0221907657657852,9.5
"9.51",0.00975354589669034,0.00411127513211914,0.00434614978074822,0.00878737845624994,0.0199835252965353,9.51
"9.52",0.0107798739319307,0.00481778463505493,0.00419037833212364,0.00978958395187557,0.0221381192354694,9.52
"9.53",0.0117852721280724,0.00501135010107476,0.00429329292661567,0.0110403624535614,0.0228596005538408,9.53
"9.54",0.0124618455975465,0.00542095302314274,0.00399114841331167,0.0123770880297119,0.0231753259176204,9.54
"9.55",0.0126797248447285,0.00454885041095761,0.00460763124229374,0.01235904514543,0.0221222453396671,9.55
"9.56",0.010448982580797,0.00456062239484314,0.00403559933775915,0.00960411434940878,0.0207360884494383,9.56
"9.57",0.0111491375599262,0.00467304735268383,0.00414292742137465,0.0105410157092358,0.0212773285094414,9.57
"9.58",0.0104308173783592,0.00432762390465175,0.00409956671293622,0.00971542242907364,0.0201428882853033,9.58
"9.59",0.00961161885394727,0.00388643605674652,0.00424350719917193,0.00879309806158696,0.0191499359700611,9.59
"9.6",0.0102610356602609,0.00399775652287878,0.00434887977265697,0.00956193586438442,0.01944571468506,9.6
"9.61",0.0098012573470174,0.00399935870102019,0.00400810108784408,0.00909861649012128,0.0189339377437113,9.61
"9.62",0.0112608477287782,0.00424925082541646,0.00421561876856136,0.0108849496921775,0.0201491549125036,9.62
"9.63",0.00979095406664492,0.00385582006880159,0.00384600396242267,0.00920005908444821,0.0186059451803691,9.63
"9.64",0.0092671052009857,0.00464642815432019,0.00295110665152162,0.00851997200199917,0.0192282852746678,9.64
"9.65",0.00796161196387399,0.00374278088649405,0.00301690671289481,0.0071386027539323,0.0169930803091121,9.65
"9.66",0.00938774838555219,0.00409534279356432,0.00342469848265774,0.00878222507496385,0.0184088787956375,9.66
"9.67",0.00792531115306372,0.0033649765526702,0.00317742750659619,0.00739399102817045,0.0158026141034025,9.67
"9.68",0.00829012495990677,0.00406017286032751,0.00292963301664964,0.00741499343397367,0.0173261532751954,9.68
"9.69",0.00884679782145515,0.00335225322434504,0.00376679862004434,0.00832599854025479,0.016607424459195,9.69
"9.7",0.00881002572673303,0.00373008609585994,0.00332325218043612,0.00822117890587831,0.0171717800987081,9.7
"9.71",0.00761924310972504,0.00359357144655581,0.00275820217550241,0.00688223886645561,0.0161918805507677,9.71
"9.72",0.00852392415840847,0.00360950416612728,0.0031115320120559,0.00801753854678927,0.0164871034538994,9.72
"9.73",0.00794805272609265,0.00362432116959256,0.00271549145899435,0.00739774300651064,0.0161496379878045,9.73
"9.74",0.0085857720276323,0.00367414782758964,0.00282708675125443,0.00836656719291612,0.016314721299854,9.74
"9.75",0.00896149387469416,0.00359373896412997,0.00307915817819625,0.00868143504388702,0.0165638250325163,9.75
"9.76",0.0083346748714529,0.00326358041180579,0.00319722351123977,0.0078142681305996,0.0157500220677516,9.76
"9.77",0.0073018146738412,0.00297750671086357,0.00286905220048662,0.00684224456404564,0.0142695868879667,9.77
"9.78",0.00724880292243229,0.00306131149484786,0.0029623964058041,0.00668650582259506,0.0143526599664639,9.78
"9.79",0.00817027965124348,0.0034503368168327,0.00299038800742516,0.0079642913803461,0.0153694881245382,9.79
"9.8",0.00817875084381446,0.00340752509737899,0.0026268806969791,0.00798686285241512,0.0152409439896782,9.8
"9.81",0.00650690014206781,0.00311678918123436,0.002331674206665,0.00587385211347441,0.0139582350985815,9.81
"9.82",0.00669871907431857,0.00285773512365254,0.00242900280844692,0.00625804220698145,0.0134333189927013,9.82
"9.83",0.00731963491357931,0.0028737972937698,0.00308950079329251,0.00675028392031513,0.0139775210593129,9.83
"9.84",0.00761377433230618,0.00265628953514739,0.00367550978373807,0.00717559380960386,0.0137605613415488,9.84
"9.85",0.00712883060801467,0.00272083775518584,0.00287199107920493,0.00669033346425724,0.0134216793047234,9.85
"9.86",0.00739528755198644,0.00308241296055378,0.00264370052399217,0.00710534251207384,0.0139293634117371,9.86
"9.87",0.00634633636172898,0.00270147974166968,0.00230528554643653,0.00587634242743923,0.0127587636403161,9.87
"9.88",0.00720748623054975,0.00289716152369969,0.00236887130959111,0.00699483699914799,0.0133779366872042,9.88
"9.89",0.00595395684915125,0.00312558890415363,0.00180021441319836,0.00549406849035528,0.0127528160371844,9.89
"9.9",0.00679705891049771,0.00288386941308602,0.0024302150266036,0.00649898297774354,0.0130321197528868,9.9
"9.91",0.00503125100238091,0.00252257015003525,0.00189811084088308,0.00435700167498992,0.0114204473853319,9.91
"9.92",0.00642254654063204,0.00251119285793868,0.00267427193838381,0.00594852638644505,0.0122854042436597,9.92
"9.93",0.00496025652145732,0.00209048665172589,0.00196484016075661,0.00465106183278541,0.00996293719325029,9.93
"9.94",0.00582001709314432,0.00266700589549276,0.00190980476178342,0.00547410922299268,0.0117536552176005,9.94
"9.95",0.00503590486734429,0.00256212854060931,0.00167345138833937,0.00451601054474482,0.0111204994802911,9.95
"9.96",0.00550747159430472,0.00271467392446786,0.00179213938002832,0.0050723048614264,0.0115004743902496,9.96
"9.97",0.00615643099623093,0.00269942017689033,0.00171681977376155,0.00609303168486097,0.011695747225497,9.97
"9.98",0.00613797345406463,0.00234021424434753,0.0024615402367214,0.00580011666065061,0.0114291627589588,9.98
"9.99",0.00447084385219081,0.00211996026996478,0.00160317343918319,0.00408973857085471,0.00963682982260838,9.99
"10",0.00530901737710512,0.00242377222502477,0.00157824603577054,0.00505310010625298,0.0107406977707968,10
"10.01",0.00538274430656409,0.00236980494949072,0.00183191354727619,0.00503501227320108,0.0107912580170261,10.01
"10.02",0.00608396546624738,0.00238905403753814,0.00193497767349838,0.00589011199318429,0.0112491771073404,10.02
"10.03",0.0053233323631871,0.0022491282392923,0.0019258420434746,0.00499023442207425,0.0104181644958419,10.03
"10.04",0.00472486150773107,0.00238317703216846,0.00138501280412416,0.00443854462579996,0.0100680878277367,10.04
"10.05",0.00417940144600768,0.00243090123355709,0.00127607575042959,0.00338572282362004,0.00983184856224084,10.05
"10.06",0.00485876399474686,0.00235430424003965,0.00145869529110049,0.00456040128859275,0.0100529042922266,10.06
"10.07",0.00550716586630994,0.00222163139554074,0.00165887817156638,0.00536255407104352,0.0102393707901589,10.07
"10.08",0.00429919270455583,0.001969679377833,0.00145159509610928,0.00402633782867423,0.00888493600030366,10.08
"10.09",0.00498368378127907,0.00213404810309523,0.00152710332266301,0.00480651875435778,0.00966230315908512,10.09
"10.1",0.00419834200564463,0.00215393369136963,0.00128439230593772,0.00385647794128191,0.00913391700893411,10.1
"10.11",0.00420579124407035,0.00223498960741562,0.00121086465808931,0.00389330300201507,0.00917957320398344,10.11
"10.12",0.00413542049568667,0.00188746455857975,0.00132973292969961,0.00389502199562564,0.00846748351653437,10.12
"10.13",0.0036280994764945,0.00159314731895561,0.00129893169700554,0.00341865762657567,0.00744770281121811,10.13
"10.14",0.00395170149251048,0.00209375514993707,0.00118543911636197,0.00357697104655252,0.00872732951801963,10.14
"10.15",0.00383407472927998,0.00207069313985634,0.00113733462211212,0.0034443197681448,0.00859079267036448,10.15
"10.16",0.00439339975264022,0.00190988081525604,0.0015286569830905,0.00418615683301599,0.00864814203406927,10.16
"10.17",0.00377736712250024,0.00184509333240546,0.00123294281286267,0.00346187105832363,0.00807512021177796,10.17
"10.18",0.00363145433929362,0.00211510725347988,0.000985964376593915,0.00319218365821511,0.00840208595533262,10.18
"10.19",0.00378097053195288,0.00182702518982714,0.00127156379070287,0.00343634636177026,0.00803411429194974,10.19
"10.2",0.00317316770468618,0.00167159449216946,0.00105938547594024,0.00277407670301266,0.00729491597314179,10.2
"10.21",0.00339798600214594,0.00170400832387251,0.00104449349779029,0.00312789794284873,0.0074058671856319,10.21
"10.22",0.00302994354323542,0.00165071611205661,0.000958029981723632,0.002618544919813,0.00703666424758593,10.22
"10.23",0.00370902667110247,0.00162849101611748,0.00136153058791161,0.00343916872157451,0.00748338574892689,10.23
"10.24",0.00254889368857113,0.00149307000957455,0.000892825444724385,0.00207119462331201,0.00657572015232503,10.24
"10.25",0.00246854306188491,0.00140023383059815,0.000851718315021371,0.00204363662201346,0.00609887586636909,10.25
"10.26",0.00285601844152638,0.00160102521627192,0.0009216814535735,0.0023987473453122,0.00680271686482553,10.26
"10.27",0.00352648417884572,0.00179457552289408,0.000992799718597426,0.00334228719514684,0.00742773750973087,10.27
"10.28",0.00306830604224297,0.00150102675092605,0.000992947202597308,0.00279241651148032,0.00665370929691799,10.28
"10.29",0.00371203693090986,0.00171400239395675,0.0010764119975627,0.00360658094944444,0.0074015393466239,10.29
"10.3",0.00233998881579244,0.00124380111367808,0.000816654042645684,0.00203608613023559,0.0055540891703737,10.3
"10.31",0.00244559884926563,0.00145982377141714,0.000778390356780656,0.00198712730318346,0.0062043262507222,10.31
"10.32",0.00281587223658402,0.00140762810911118,0.000960942928313097,0.00250752949227434,0.00627660751328167,10.32
"10.33",0.00292169263747131,0.00131741132697369,0.0010583324481576,0.00268047365050494,0.00614153828120853,10.33
"10.34",0.00280355063868869,0.00150977469485143,0.000807428264510859,0.00252717492999233,0.00632458440408385,10.34
"10.35",0.00299433413890332,0.00141625483742558,0.00097726426843355,0.00277630960542696,0.00626664956614607,10.35
"10.36",0.00270637448325203,0.00139626315085353,0.000816817922337743,0.00246736754165622,0.00597777263229821,10.36
"10.37",0.00306484818233811,0.00141563621375438,0.00103587053325688,0.00282301621217196,0.00635194342794182,10.37
"10.38",0.00266120464284371,0.00152565675439635,0.000702310577278156,0.00239605429114026,0.00612025720827686,10.38
"10.39",0.00269023953780388,0.00137177200648379,0.000880852827664411,0.00240935162016898,0.00593897391820507,10.39
"10.4",0.00323049508022771,0.00139182545667956,0.00101798793183026,0.00312536414261544,0.00630099419852162,10.4
"10.41",0.002670616438242,0.00140243099474027,0.000785012058387796,0.00244034982545949,0.00589105199406832,10.41
"10.42",0.0025860534177488,0.00130894188412988,0.000829037209965078,0.00232263673150296,0.0056860446482153,10.42
"10.43",0.00243692010701111,0.00117721940203055,0.000755304581822244,0.00224314217068972,0.00527132243217424,10.43
"10.44",0.00208172897098805,0.00112567560311769,0.000641599414963065,0.00184531293944673,0.00486104264696131,10.44
"10.45",0.00288906036445876,0.00127337358499924,0.000823177048322932,0.00278520317128556,0.0056989486896413,10.45
"10.46",0.0024217329232748,0.00120710552058789,0.00071665854564,0.00221695817248413,0.00528673662488452,10.46
"10.47",0.00176640869782726,0.000876034079942351,0.000632554399498825,0.00158718482968867,0.0039801948111061,10.47
"10.48",0.00204071789467591,0.00117465705800229,0.000645030894692464,0.00169194765603176,0.00495230822940706,10.48
"10.49",0.0022912573495212,0.00119804565652928,0.000700164178993376,0.00205654884122913,0.00512366438229343,10.49
"10.5",0.00231354369395805,0.0010210571887847,0.000861913554887009,0.00211304440513826,0.00483044391035576,10.5
"10.51",0.00175670669372625,0.00101289149861988,0.000599030823387192,0.00146281503852635,0.00439769599915411,10.51
"10.52",0.00189811802727138,0.00109869069546868,0.000567687265844444,0.00160939783455966,0.00460309231330866,10.52
"10.53",0.00206200394236625,0.00100515852429952,0.000705657033691986,0.00186427023495256,0.004549878979615,10.53
"10.54",0.0016653946631577,0.00100181818979632,0.000537160207175591,0.00135686706603338,0.004271484195248,10.54
"10.55",0.00171159418570535,0.0010189511813524,0.000530145933702886,0.00139908775307052,0.00432274866889312,10.55
"10.56",0.00180776065956164,0.00107413878734925,0.000501264578414098,0.00152381649698213,0.00441284771109554,10.56
"10.57",0.00206897864351968,0.00108434544895772,0.000577223301652666,0.00188327052033921,0.00461930975261879,10.57
"10.58",0.00188773733489882,0.000916645532834288,0.000638929218769471,0.00171739333763765,0.00412629339569795,10.58
"10.59",0.00187601134452581,0.000901656589047747,0.000636100124520764,0.00171073353622597,0.00408054081261452,10.59
"10.6",0.00188082697293,0.00103085288888391,0.000566961487712078,0.00165133148477009,0.00432368385185165,10.6
"10.61",0.00182410611655848,0.000845138753014049,0.000656726101712032,0.00165657479441084,0.00388743210229703,10.61
"10.62",0.00166423583073871,0.000949690766128707,0.000449867374869919,0.00147188258180753,0.00395246186793331,10.62
"10.63",0.00174376626480305,0.00098770724933065,0.000480891032813294,0.00152499934361261,0.00411857808849319,10.63
"10.64",0.0019040377012982,0.00098157576318002,0.000504548060839943,0.00179164811083476,0.00414158568643948,10.64
"10.65",0.00173942828791907,0.000968610123942509,0.000480921488015285,0.00154787450917793,0.00405233925063674,10.65
"10.66",0.00163887931290429,0.000944664049842435,0.000479955686662287,0.0013964825492116,0.0039308658510137,10.66
"10.67",0.00179460055379691,0.000894671633587607,0.000486356827142337,0.00166580072844641,0.0039015828558663,10.67
"10.68",0.00186061029222326,0.000891805635408612,0.000488214014622262,0.0017582650350888,0.00389764866077776,10.68
"10.69",0.00167192529145268,0.000924018950390792,0.000449107166238122,0.0015081333841418,0.00384190751192753,10.69
"10.7",0.00159974225847603,0.00085215846802189,0.000457310916196385,0.00143900824964194,0.00363838197646734,10.7
"10.71",0.00145776996989142,0.000788378033240564,0.000451294047577189,0.00127849989499751,0.00338994394100359,10.71
"10.72",0.00134795897113354,0.000843743094430271,0.000379551668039921,0.00107184168269586,0.00349004321564425,10.72
"10.73",0.00145897438370319,0.000820031963672272,0.000403161456303211,0.00127832301481939,0.00347435145618702,10.73
"10.74",0.00146703814620945,0.000867444348684129,0.000392106750323734,0.00125745649178488,0.00352746569292147,10.74
"10.75",0.00145228842628288,0.000820146588642825,0.000412992125035178,0.00126355837260983,0.0034533109643379,10.75
"10.76",0.00174020607319437,0.00084745696468321,0.000448629592452696,0.00167100390805808,0.0036380692192676,10.76
"10.77",0.001735807025542,0.000791828545882205,0.000511015945914201,0.00164909439197325,0.00354355859072179,10.77
"10.78",0.00147589581790211,0.000768927897120316,0.000414697031806224,0.00134563042925662,0.00329944228857191,10.78
"10.79",0.00140385581162159,0.000756204141463388,0.000404967049524674,0.00124648509246089,0.00326089107755961,10.79
"10.8",0.0014573060659751,0.000721152930281232,0.000460365490354389,0.0013184261083049,0.00321865469724207,10.8
"10.81",0.00139878594803759,0.000709055169864043,0.000368949832858131,0.00129250757683158,0.0030974065551161,10.81
"10.82",0.00130958479325558,0.000768569348521741,0.000329196248382407,0.00115434492839878,0.00313164908357177,10.82
"10.83",0.00119172031648306,0.00073340173112163,0.000324499933285802,0.000979754019684032,0.00301805133542636,10.83
"10.84",0.00133015814142847,0.000689346313867257,0.000391568614559446,0.00121071553090601,0.00300205794489075,10.84
"10.85",0.00117990632031102,0.000664792957987306,0.000347886221157501,0.00102102378806984,0.00283652781295039,10.85
"10.86",0.00144737479559294,0.000687599255436055,0.000402859319750301,0.00135618722087033,0.00305662772917048,10.86
"10.87",0.00128084819603348,0.000623043186548003,0.000410297456582381,0.00116508301886076,0.00281280263166948,10.87
"10.88",0.00126511106036252,0.000674626900249167,0.000373486932968584,0.00114564862811328,0.00287114760022462,10.88
"10.89",0.00125237384471358,0.000580717388505825,0.000454337477428546,0.00113422669915653,0.00270185009544103,10.89
"10.9",0.00121924398083977,0.000635647708038643,0.000345625177257203,0.00110720997937641,0.00275524512308487,10.9
"10.91",0.0010841712848443,0.000666444700141697,0.000263718824698278,0.000930408922372672,0.00270060732062363,10.91
"10.92",0.0010451559485457,0.00058877979306412,0.000310084826738194,0.000904788420759084,0.00252057159827015,10.92
"10.93",0.00133602271720233,0.000652462796380205,0.000354501397384849,0.00127119908027223,0.00280705033356507,10.93
"10.94",0.00125355191213409,0.000645666000389361,0.000316909846814775,0.00119024796980299,0.00272419492204176,10.94
"10.95",0.000820544761949595,0.000488714498719451,0.000255989678316162,0.000690220617540538,0.00211983723607657,10.95
"10.96",0.00098427553965788,0.000527044188477483,0.000297128907730629,0.000869558253163372,0.00228171374928566,10.96
"10.97",0.00123125567161685,0.000546666715158368,0.000485340201160547,0.00113600258088947,0.0025637723227452,10.97
"10.98",0.000802664430020163,0.000431553243086683,0.00025704533532851,0.000706378095038762,0.00189866708408333,10.98
"10.99",0.00107529215170666,0.000540331037196539,0.000300015790878577,0.000983597121273216,0.00238554125781428,10.99
"11",0.000981847050011403,0.000503235434855626,0.000313538000876498,0.000873454410291463,0.00225382433283618,11
"11.01",0.00102075193164727,0.000592711135862071,0.000233386371381258,0.00093982853018415,0.00239955080905825,11.01
"11.02",0.000803216057667792,0.000469768616577927,0.000237389597943305,0.000686416043936766,0.00200377873188656,11.02
"11.03",0.0011641134458321,0.000539230829301914,0.000320652193215776,0.00109110717875349,0.00239114222146853,11.03
"11.04",0.000860749224466088,0.000518892292703953,0.000214967432166846,0.000745069884234173,0.00216191673070281,11.04
"11.05",0.00109892823808002,0.000530297042198822,0.000299154778027727,0.00102987721014891,0.00232795585676671,11.05
"11.06",0.00104356706139445,0.000468969081852687,0.000408980925065014,0.000957889101829257,0.00219555127294825,11.06
"11.07",0.00103004563166264,0.000546365135908132,0.000217429800448204,0.000988991526520322,0.0022650321011683,11.07
"11.08",0.000828061198253024,0.000527620521868245,0.000196335381691726,0.000696165981684649,0.00207965929493458,11.08
"11.09",0.000892429459808654,0.000490059213285834,0.000222200114111018,0.000810772655896075,0.00207136974867038,11.09
"11.1",0.000814739183154214,0.000471953403398182,0.000209259459526476,0.00071704595029598,0.00198885476405054,11.1
"11.11",0.00064324207061029,0.000403662993537639,0.000216526677708254,0.000521118103082086,0.00174035351112593,11.11
"11.12",0.000804928771371547,0.000488806125363607,0.000196483142099815,0.000701312695305656,0.00198256250667847,11.12
"11.13",0.000557095428804977,0.000391969265463934,0.00015964838333693,0.000425637737444196,0.00165539014720686,11.13
"11.14",0.000614071015676821,0.000360490833274299,0.000171243528824708,0.000534929633088432,0.00152634598950063,11.14
"11.15",0.000646078997831338,0.000415327064345561,0.000162952388502882,0.000529243672973634,0.00168691241743821,11.15
"11.16",0.000625334828359719,0.000391517832398907,0.00016862321225227,0.000520520074962727,0.00163179508670588,11.16
"11.17",0.000716623925073357,0.000463261847523761,0.000164105762790387,0.000601269024049944,0.00183764607277904,11.17
"11.18",0.00089713488626568,0.00040445569738225,0.000339576652688159,0.000821374653028506,0.00187377280784681,11.18
"11.19",0.000455955604873434,0.00023517242018946,0.00014817399441584,0.000403884474704463,0.00106650799386091,11.19
"11.2",0.000789394957905874,0.000418301853289339,0.000186986744572445,0.000728931680619771,0.00179233647345874,11.2
"11.21",0.000660723215378937,0.000403447669107617,0.000167000082115676,0.000563926633653788,0.00167004441856802,11.21
"11.22",0.000727136711062322,0.000413035341119654,0.000172052336377793,0.00066315492611152,0.00171466194508403,11.22
"11.23",0.000698540643246386,0.000423346098840624,0.000154493481227283,0.000632173328352414,0.00170113035015777,11.23
"11.24",0.000589252772275247,0.000398897631947796,0.000136573167059145,0.000461873070851104,0.00160208229007321,11.24
"11.25",0.000687776090564501,0.000375874512850223,0.000166696051097298,0.000625223466908853,0.00158902356048663,11.25
"11.26",0.000659474060223315,0.000390909807157644,0.000143030883562154,0.000595070599506697,0.00159242155234248,11.26
"11.27",0.000633931921408754,0.000383599039482937,0.000172813526436208,0.000532726439996356,0.00157264701605245,11.27
"11.28",0.000696954683921263,0.000384041442946218,0.00017934284524046,0.000643064525014503,0.00161050882092188,11.28
"11.29",0.000676408628015368,0.000367278952993916,0.000163269824039544,0.000622153627350686,0.00155657523839438,11.29
"11.3",0.000413618484631108,0.0001978775592038,0.000153508688280579,0.000375842788117253,0.000967694150213008,11.3
"11.31",0.000258602707975703,0.000122372663423804,0.00010098906144925,0.000234347780878719,0.000560972367953344,11.31
"11.32",0.00063223668541213,0.000368115384666433,0.000138981432636026,0.000585790487152293,0.00150284239821646,11.32
"11.33",0.000507839980402964,0.000333449394780874,0.000123508520344273,0.00041258461049315,0.00138315779163448,11.33
"11.34",0.000247008114100307,0.00011750364225116,0.0000959665287049022,0.000223545254136814,0.000537830041787454,11.34
"11.35",0.000437395096880398,0.000309177873514424,0.000106383296286952,0.00033672121762085,0.00125976706673017,11.35
"11.36",0.000461425896627045,0.000328688042468992,0.000105488551914257,0.000352017109117087,0.00131806120642967,11.36
"11.37",0.000503886197153788,0.000333655661359068,0.000113879460843494,0.000414313773156316,0.00132084573182011,11.37
"11.38",0.000733970777159552,0.000306256711949258,0.000314375121648303,0.000672197249358408,0.00145630239371988,11.38
"11.39",0.000554383905973306,0.000332113759143367,0.000125711722227245,0.000501817130631965,0.00134855337968278,11.39
"11.4",0.000502537076201401,0.000315032008101733,0.000117781844477749,0.000430703543418065,0.00127735065854126,11.4
"11.41",0.000444813483978662,0.000306394588355658,0.000101123721900839,0.000348192552181992,0.00123257514428009,11.41
"11.42",0.000441902040859152,0.000294518279416471,0.0000942491440670573,0.000367637855946845,0.00119610456960918,11.42
"11.43",0.000358220462177106,0.000230019526305499,0.000118291458792447,0.000294640274013824,0.000996369115736368,11.43
"11.44",0.000454142552274683,0.000263760551930428,0.000132371092040209,0.000390538096060378,0.00113175038625665,11.44
"11.45",0.000346875563217621,0.000258568332071317,0.0000834972840880188,0.000256953650760838,0.00103885727515511,11.45
"11.46",0.000436345242612281,0.000251935814284431,0.000128143053229665,0.000377417591994667,0.0010874195950852,11.46
"11.47",0.000356546392858284,0.000239193318371234,0.000109575308250676,0.000284238153784422,0.00100765281833767,11.47
"11.48",0.000253944072676869,0.00011642236702809,0.000102005424946355,0.000228233278926515,0.000530577432669896,11.48
"11.49",0.000414076392918677,0.000262027376913217,0.000102291003531871,0.000349729977283442,0.00108000706287102,11.49
"11.5",0.00043561019096007,0.000274126026430689,0.000101941294840741,0.000379774458882376,0.00111513516162314,11.5
"11.51",0.000380653980841337,0.00027602447653105,0.0000730817154495217,0.000299128250429548,0.0010632080575491,11.51
"11.52",0.000280399345758214,0.000228258273094172,0.0000684949246355676,0.000196582249734845,0.000912814760319047,11.52
"11.53",0.000317739759540336,0.000224946713482064,0.0000709705690579238,0.000252350727094452,0.000892078050268197,11.53
"11.54",0.000557673963490829,0.000243132389122155,0.000229879443112202,0.000507870633862706,0.00112946053774832,11.54
"11.55",0.000359361088633119,0.000258593152817134,0.0000703648682118335,0.000281888478882886,0.000998832016703532,11.55
"11.56",0.000289192374036798,0.000205038199844075,0.0000763245279952279,0.000226098606434078,0.000845606320930486,11.56
"11.57",0.000424958548108742,0.000214845214844136,0.000150754999363595,0.000379864182517731,0.000963601718824758,11.57
"11.58",0.000400041579283846,0.000255704820091278,0.0000725057654721667,0.000368021960940323,0.00100648731572679,11.58
"11.59",0.000512584240217702,0.000226166127086654,0.00020890409749191,0.000465136726558291,0.00105136506533246,11.59
"11.6",0.000389101596809997,0.000249975151071755,0.0000691886881099807,0.000357008122702729,0.000982291049384906,11.6
"11.61",0.000309302264294808,0.000213714383400635,0.0000745576909128853,0.000243569549895462,0.00087838583573791,11.61
"11.62",0.000295527419638846,0.000198406206720806,0.0000835058922288745,0.000234760799164846,0.000829561480204721,11.62
"11.63",0.00035844518197016,0.000230683362419573,0.0000739953368487672,0.000314480836410613,0.00092448918468106,11.63
"11.64",0.000318638264863563,0.000217910242827088,0.0000685702498012447,0.000259585619135083,0.000865389267779043,11.64
"11.65",0.000312827198928491,0.000220056724669798,0.000062418377203069,0.000249698183216684,0.000863864691310742,11.65
"11.66",0.000309376520222492,0.0001846866959776,0.0000879940860189027,0.000262865914165022,0.000788976133968525,11.66
"11.67",0.000379415697289957,0.000211693297352602,0.0000884336279235592,0.00034563977014046,0.000880862870925841,11.67
"11.68",0.000333835639833015,0.000194689738996143,0.0000859211651865061,0.000292307898468125,0.000822222129067546,11.68
"11.69",0.000425069864593979,0.000193970269717481,0.00017002913842851,0.000384553763952522,0.000886179556935748,11.69
"11.7",0.000349773164238605,0.000210932531385454,0.0000642333818790253,0.000322564114569379,0.00084510265612586,11.7
"11.71",0.000254977283386695,0.000172978909120049,0.0000711066787561998,0.000202060111709257,0.000719050362501247,11.71
"11.72",0.000299946823941411,0.000195080692425554,0.0000656772187835747,0.000257921380767467,0.000784595427282986,11.72
"11.73",0.000293081745786528,0.000202029075205621,0.0000519890758401725,0.000255319135776755,0.000786960020438071,11.73
"11.74",0.000270414232834795,0.000187208110777062,0.0000570232251831837,0.000219932951644186,0.000745508240313405,11.74
"11.75",0.000121737920064611,0.0000642545860653648,0.0000432128941449478,0.000108498705295834,0.000283430394770712,11.75
"11.76",0.000383401967869984,0.000176881296244598,0.000149366347657748,0.000345762035687147,0.000808422158657715,11.76
"11.77",0.000255166902769617,0.000177775650452171,0.0000530230014742422,0.0002066330588395,0.000707681854122216,11.77
"11.78",0.000262015813974653,0.000171537433935068,0.0000642645719704377,0.000216958528096556,0.000702826127915437,11.78
"11.79",0.000113981480143954,0.0000606333974791159,0.0000398550537133752,0.000100712802941827,0.000268502733586432,11.79
"11.8",0.000306317427121672,0.000179188202429701,0.0000561816641554469,0.000279901763543422,0.000725060623832652,11.8
"11.81",0.000212203953244995,0.000145353595759021,0.0000579064846140648,0.000168691303237767,0.000603447655094261,11.81
"11.82",0.000341347461139608,0.000160804153187808,0.000132596129613349,0.000306929134215927,0.000726572030185468,11.82
"11.83",0.000261348625887493,0.000163665450079114,0.0000623294034219846,0.000227569891027346,0.000671831095699141,11.83
"11.84",0.000181436088821223,0.000143556423082521,0.0000392173530826795,0.000131015060143624,0.00055956486596134,11.84
"11.85",0.000254145066294918,0.000168630832792876,0.0000438142060194657,0.000228164584717416,0.000661548994075564,11.85
"11.86",0.000112165768791238,0.0000611609107718846,0.000035673677432721,0.0000989505883268738,0.000276645294252972,11.86
"11.87",0.000313103155410121,0.000149334649858334,0.000119847557693384,0.000279832588486073,0.000673379271949809,11.87
"11.88",0.00021421462232569,0.000152011716764997,0.0000430813900232918,0.000172157093356051,0.000603071735888122,11.88
"11.89",0.000112379178941035,0.000060914394763608,0.0000348682545652651,0.000100044397379095,0.000268134849523302,11.89
"11.9",0.000199993141864775,0.000151758723255635,0.0000353970150476085,0.000152967728637821,0.000585597881996358,11.9
"11.91",0.000190327140227417,0.000140216239986553,0.000039001968384661,0.000146967384888952,0.000566355986833494,11.91
"11.93",0.000196970708330567,0.00014052511140121,0.0000394819633079191,0.000157788487000099,0.000557862620508026,11.93
"11.94",0.000161902782542954,0.000123827969884988,0.0000344780085407254,0.000122562835208007,0.000496597693160563,11.94
"11.95",0.000169005015178965,0.000118537838327289,0.0000444652644828292,0.000133566138978469,0.000489112484120438,11.95
"11.96",0.000243688446256823,0.00014177589616433,0.0000441451018501598,0.000220183928364981,0.000578492559127952,11.96
"11.97",0.000214756996934669,0.000133258024908706,0.0000483759871529599,0.000190522646077274,0.000544720207098598,11.97
"11.98",0.000149060067965843,0.000119715281077863,0.0000303518607933873,0.000106672196589275,0.000475351499441012,11.98
"11.99",0.0000941173807499494,0.000052228701264749,0.0000285410864880598,0.0000830745888560913,0.000227513684079805,11.99
"12",0.000136621877628426,0.000102319221840761,0.0000332080729008116,0.0001056296054463,0.000411433206835646,12
"12.01",0.000133697118846261,0.000101096438291094,0.0000318608203089821,0.000103038536052535,0.000405559470382644,12.01
"12.02",0.000077495168141632,0.0000433838302860044,0.0000259412729227276,0.0000677013597237819,0.000188700936534933,12.02
"12.03",0.0000908705781011048,0.0000502140930077361,0.0000276163883548203,0.0000798095707262858,0.000223069932850611,12.03
"12.04",0.00019003263356613,0.000118666937428157,0.00004320438526626,0.00016684727965427,0.000484437899730203,12.04
"12.06",0.000230880667625316,0.000114487822065655,0.0000856589319900708,0.000205180199543131,0.000508285229016139,12.06
"12.07",0.0000709784512606377,0.0000402543556308511,0.0000234750681594148,0.0000618022148816122,0.000173492149251336,12.07
"12.08",0.0000867291702390881,0.000047605919439117,0.0000268169931280871,0.0000761305927039491,0.000207531353447923,12.08
"12.09",0.000112042748895973,0.0000913401945617465,0.0000242506081233274,0.0000815403427939509,0.000360746337563072,12.09
"12.1",0.0000890965131107984,0.0000472657247112027,0.0000313171538564028,0.0000780038240956182,0.000207454805761653,12.1
"12.11",0.0000992916607066204,0.000081273820332383,0.0000225379723856528,0.0000729273317657819,0.000328612853495919,12.11
"12.12",0.000167705895559457,0.000106222924447562,0.0000371293363938846,0.000146515861858099,0.000432206854200201,12.12
"12.13",0.0000965374525820303,0.0000799632044717021,0.0000215762471927117,0.0000703454675349269,0.000321513163311815,12.13
"12.14",0.000102485790847053,0.0000836638924000153,0.0000218883193897818,0.0000748675772319629,0.000329446837831934,12.14
"12.15",0.0001410653250172,0.0000975146718178313,0.000031954217280486,0.000115922520309508,0.00039631439251786,12.15
"12.16",0.0000806293524276385,0.0000433273051637925,0.0000279693123791197,0.0000704027580448185,0.000189618967947219,12.16
"12.17",0.000191215066849242,0.0000973954576670534,0.0000690338775380994,0.000168931729360555,0.00042908455857637,12.17
"12.18",0.0000684258836453703,0.0000394589143306937,0.0000199467748567689,0.0000599180532097621,0.000171053934825124,12.18
"12.19",0.000100136305442298,0.0000855063002693455,0.0000190823105805704,0.0000697198618894168,0.000334087940495017,12.19
"12.2",0.00007493414740541,0.000040701013442134,0.0000256408880349446,0.0000651658166822555,0.000181303954140025,12.2
"12.21",0.0000559079329308331,0.000032725132069618,0.0000178875417680191,0.0000483639505757805,0.000139628417840401,12.21
"12.23",0.000133104353982894,0.0000937046847472779,0.0000210902324651957,0.000117629667662322,0.000364648654081445,12.23
"12.24",0.0000868251627169128,0.0000717801629795206,0.0000181041528644482,0.0000632216639617766,0.000281241073181304,12.24
"12.25",0.0000691774972753877,0.0000379423020744148,0.0000234876260599121,0.0000601481122791681,0.000165326295384491,12.25
"12.26",0.00016304760592813,0.0000850430082655901,0.0000573621076134123,0.00014337890331817,0.00037230268636714,12.26
"12.27",0.0000666678348954142,0.0000367742963657387,0.0000224974850591725,0.0000578746114359152,0.000160061098268732,12.27
"12.28",0.000158661163149409,0.0000829120329952053,0.0000557207815249705,0.00013943935080174,0.000362630758465712,12.28
"12.3",0.000154312363612678,0.000080769124958887,0.0000540403536901102,0.000135534416652427,0.000354839171086002,12.3
"12.31",0.00015077181473558,0.0000793400401008772,0.0000525483508285324,0.000132296810855359,0.000346337050021531,12.31
"12.32",0.000114301487439096,0.0000814666659799535,0.0000178720754574369,0.000100020505001353,0.000316192219906572,12.32
"12.33",0.000121346467882306,0.0000810328514953962,0.0000194746540400803,0.000106687686705853,0.000319171654158418,12.33
"12.34",0.0000942553290227866,0.0000754822815233735,0.0000153377300599472,0.0000715353203674662,0.000293670440643851,12.34
"12.35",0.000141240080700594,0.000074898753595124,0.0000487912293434811,0.000123952244961534,0.000327707521897813,12.35
"12.37",0.0000428786860758025,0.0000259291330288937,0.0000132339386443081,0.0000369210512572993,0.000109576166605974,12.37
"12.38",0.0000998408577114286,0.0000719707675482135,0.0000176156199533234,0.0000835302210274169,0.000282859718138898,12.38
"12.4",0.000130086855332112,0.0000697003492265755,0.0000443814908836909,0.000113645392108785,0.000304890671905894,12.4
"12.42",0.000125015046595817,0.0000674475893080283,0.0000422491933163571,0.000109053614229193,0.000294684594543265,12.42
"12.44",0.000038121611828865,0.0000233927410507707,0.0000115736616189438,0.0000327442994066396,0.0000984251883278331,12.44
"12.46",0.000117378786003077,0.0000638110504818055,0.0000394641328380491,0.000102229855900471,0.000276016059721146,12.46
"12.47",0.000115188637780847,0.0000628091579119567,0.0000385933573221558,0.000100262264151274,0.000271494565206828,12.47
"12.48",0.000114103734584601,0.0000621704997366945,0.0000382751903236417,0.0000993410131167605,0.000268664792916476,12.48
"12.49",0.0000349845765388825,0.0000217078986887229,0.0000104886911579727,0.0000299633556338774,0.0000910206026555282,12.49
"12.53",0.0000683298107358572,0.0000559180696122203,0.0000108228554401985,0.0000514435602742003,0.000218461708351103,12.53
"12.55",0.000100605025983014,0.0000558432255988486,0.0000330312238095043,0.0000872643279102858,0.000240242648507058,12.55
"12.56",0.0000309785953510941,0.0000195322878103318,0.00000911909358117802,0.0000263865907849659,0.0000814851631575242,12.56
"12.59",0.0000944149167335474,0.0000527498100415649,0.0000306992907352449,0.0000818316370711503,0.000229005432302309,12.59
"12.61",0.0000905198740252433,0.0000509644072376611,0.0000292079191152761,0.0000782550191384401,0.000221191604722662,12.61
"12.62",0.0000892948743694066,0.0000503528772741488,0.0000287886169860863,0.0000772081196644403,0.000215742524571469,12.62
"12.63",0.0000875399161155457,0.0000495290741263655,0.0000281085198964859,0.0000756362955072198,0.000212066308567843,12.63
"12.64",0.000085701067169558,0.000048677842207694,0.0000273861634338679,0.0000739845469382994,0.000208266448250127,12.64
"12.66",0.0000831388301057142,0.0000473642101453168,0.0000264796185095062,0.0000717310071274291,0.000202447702717962,12.66
"12.69",0.0000793838390846324,0.0000454177553080956,0.0000251186034985196,0.0000684286734109474,0.000196476805451429,12.69
"12.74",0.0000727755335612823,0.0000421508321621864,0.0000227335926231337,0.0000625734564668745,0.000179256391121596,12.74
"12.75",0.0000715685908565921,0.0000415383609819613,0.0000223013168471287,0.0000615084096944885,0.000176504109263617,12.75
"12.76",0.0000708446976542345,0.0000410985921107148,0.000022096697048743,0.0000608971950309956,0.000174732800219224,12.76
"12.77",0.0000690715287009233,0.0000402888977582013,0.0000213936535731485,0.0000592977786793569,0.000170834816080373,12.77
"12.79",0.0000666390111431367,0.0000390488428166438,0.0000205050831775383,0.0000571453447134052,0.000167486531640351,12.79
"12.82",0.000063423133246028,0.0000374044857666563,0.000019384521724411,0.0000543127122642484,0.000157892473055671,12.82
"12.84",0.0000611692485726129,0.0000362630114255987,0.0000185760229346105,0.0000523066219492163,0.000152734331440466,12.84
"12.86",0.0000591585224324706,0.0000352154465922721,0.000017876297713193,0.0000505357987197752,0.000148080152850391,12.86
"12.87",0.0000582783758120891,0.0000347396296486174,0.0000175825552891612,0.0000497722652363919,0.000146013340666864,12.87
"12.9",0.0000551248840313859,0.000033132470986191,0.000016464072980038,0.0000469652422284139,0.000138759538884614,12.9
